figure_id,figure_index,figure_path,caption,rank,score,cosine_score,confidence,text_token_id,source,text
image_0000,1,../02_images/figures/image_0000.jpg,Fig. 1. Flow stress and strain hardening of anisotropic materials are tensor quantities.,1,0.550018,0.300018,high,paper::sent::75,text_item,"Fig. 1(a) shows the increase of yield strength $\left( \sigma _ { 0 . 2 } \right)$ of all gradient-structured specimens of 1-mm thick (superscript represents specimen thickness in mm) with increasing SMAT duration (subscript, minutes), with a slight decrease of uniform tensile elongation $\varepsilon _ { u \cdot }$ For example, the processing by SMAT for 15 min, i.e. $\mathsf { G S } _ { 1 5 } ^ { 1 } ,$ increased $\sigma _ { 0 . 2 }$ by 132% while $\varepsilon _ { u }$ dropped by only 30%, which is consistent with an early report on gradient structured IF steel [29]."
image_0000,1,../02_images/figures/image_0000.jpg,Fig. 1. Flow stress and strain hardening of anisotropic materials are tensor quantities.,2,0.549376,0.299376,high,paper::sent::8,text_item,The statement above means that such flow curves represent an incomplete description of plastic deformation as they reduce a six-dimensional yield surface and its change upon loading to a one-dimensional (scalar) yield curve (see Fig. 1).
image_0000,1,../02_images/figures/image_0000.jpg,Fig. 1. Flow stress and strain hardening of anisotropic materials are tensor quantities.,3,0.543282,0.293282,high,paper::sent::65,text_item,Fig. 1 shows the tensile behaviors in various gradient structured specimens as well as the CG specimens for comparison.
image_0000,1,../02_images/figures/image_0000.jpg,Fig. 1. Flow stress and strain hardening of anisotropic materials are tensor quantities.,4,0.543255,0.293255,high,paper::sent::45,text_item,"The workflow of this study is shown in Fig. 1 and proceeds in the order of initial dataset construction, implementation of the Pareto active learning framework, and microstructure analysis."
image_0000,1,../02_images/figures/image_0000.jpg,Fig. 1. Flow stress and strain hardening of anisotropic materials are tensor quantities.,5,0.537282,0.287282,high,paper::sent::101,text_item,This observation confirms that all austenite observed in Fig. 1 originates from phase reversion during the aging process.
image_0001,2,../02_images/figures/image_0001.jpg,"Fi w corners. If the strain is homogeneous, this situation leads to different stresses in each crystal $[ 1 , 2 ] , \tau _ { c r i t } \colon$ critical shear stress. TaylorBishopHill tress state (stress required to reach a yield corner).",1,0.378742,0.328742,low,paper::sent::27,text_item,"Complex dislocation structures and stacking faults are present in the sandwiched monoclinic brittle ${ \bf A l } _ { 9 } ( \mathrm { F e } , \mathrm { C o } , \mathrm { N i } ) _ { 2 }$ phase."
image_0001,2,../02_images/figures/image_0001.jpg,"Fi w corners. If the strain is homogeneous, this situation leads to different stresses in each crystal $[ 1 , 2 ] , \tau _ { c r i t } \colon$ critical shear stress. TaylorBishopHill tress state (stress required to reach a yield corner).",2,0.373992,0.323992,low,paper::sent::97,text_item,Densification of hexagonal tensile specimens and part-to-part density variation
image_0001,2,../02_images/figures/image_0001.jpg,"Fi w corners. If the strain is homogeneous, this situation leads to different stresses in each crystal $[ 1 , 2 ] , \tau _ { c r i t } \colon$ critical shear stress. TaylorBishopHill tress state (stress required to reach a yield corner).",3,0.368082,0.318082,low,paper::sent::54,text_item,"While these concepts are wellestablished, a succinct presentation is essential as this work demonstrates that combining fundamental fracture mechanics principles with energy-controlled phase-field models can achieve remarkable accuracy and computational efficiency."
image_0001,2,../02_images/figures/image_0001.jpg,"Fi w corners. If the strain is homogeneous, this situation leads to different stresses in each crystal $[ 1 , 2 ] , \tau _ { c r i t } \colon$ critical shear stress. TaylorBishopHill tress state (stress required to reach a yield corner).",4,0.367892,0.317892,low,paper::sent::101,text_item,The case of a square plate with an initial crack subjected to uniaxial tension has become a paradigmatic benchmark in the phase field fracture community.
image_0001,2,../02_images/figures/image_0001.jpg,"Fi w corners. If the strain is homogeneous, this situation leads to different stresses in each crystal $[ 1 , 2 ] , \tau _ { c r i t } \colon$ critical shear stress. TaylorBishopHill tress state (stress required to reach a yield corner).",5,0.365068,0.315068,low,paper::sent::33,text_item,The initial microstructure and crystallographic texture as well as the microstructure evolution and corresponding deformation mechanism after stress rupture tests are studied in detail using a range of techniques.
image_0002,3,../02_images/figures/image_0002.jpg,"F wa of 45, giving evidence of the enormous orientation-dependent heterogeneity of plasticity even in pure metals.",1,0.362428,0.312428,low,paper::sent::109,text_item,"These findings, supported by XRD, Rietveld refinement, SEMEDS mapping, and XPS analysis, confirmed the successful incorporation of Zr into the LATP lattice."
image_0002,3,../02_images/figures/image_0002.jpg,"F wa of 45, giving evidence of the enormous orientation-dependent heterogeneity of plasticity even in pure metals.",2,0.35871,0.30871,low,paper::sent::148,text_item,"Thus, based on these findings, it is determined that to test the alloy design concept Mo can be introduced to delay the precipitation process, and Ni to promote the austenite reversion process."
image_0002,3,../02_images/figures/image_0002.jpg,"F wa of 45, giving evidence of the enormous orientation-dependent heterogeneity of plasticity even in pure metals.",3,0.358628,0.308628,low,paper::sent::43,text_item,"Due to the challenges of modifying individual melt pool characteristics, this study explores a strategy that leverages the overlapping remelting effects of multiple melt pools in 3D space."
image_0002,3,../02_images/figures/image_0002.jpg,"F wa of 45, giving evidence of the enormous orientation-dependent heterogeneity of plasticity even in pure metals.",4,0.358383,0.308383,low,paper::sent::65,text_item,The precipitation behavior significantly influences the mechanical properties of the LPBF-fabricated Al-Cu-Li-Sc-Zr alloy at elevated temperatures.
image_0002,3,../02_images/figures/image_0002.jpg,"F wa of 45, giving evidence of the enormous orientation-dependent heterogeneity of plasticity even in pure metals.",5,0.355669,0.305669,low,paper::sent::71,text_item,"Surface roughness and microhardness values were measured respectively using a non-contact optical 3D profilometer (Taylor Hobson CCI HD) and a microhardness tester (HXD-1000TMC/LCD), applying a"
image_0003,4,../02_images/figures/image_0003.jpg,"Fig. 4. Schematic presentation of the conceptual ingredients in CPFE simulations. (a) Example of a case with one type of deformation mechanism (lattice dislocations) and one phase. (b) Example of a case with different deformation mechanisms, phases, orientations and homogenization schemes at the same integration point.",1,0.564026,0.314026,high,paper::sent::104,text_item,"Thin films of pure L-PAAs, M-PAAs and H-PAAs were produced by solution casting from their solutions with concentration of 1 wt%, and the data of contact angle were measured and listed in Fig. 4(h)."
image_0003,4,../02_images/figures/image_0003.jpg,"Fig. 4. Schematic presentation of the conceptual ingredients in CPFE simulations. (a) Example of a case with one type of deformation mechanism (lattice dislocations) and one phase. (b) Example of a case with different deformation mechanisms, phases, orientations and homogenization schemes at the same integration point.",2,0.551419,0.301419,high,paper::sent::165,text_item,"Consequently, the incomplete melting of powder particles may leave voids between them, which in turn lead to the presence of internal defects in the solidified part (Fig. 3 (a) and panels i of Fig. 4(a)) reflected in a low relative density of the LPBF-fabricated specimen."
image_0003,4,../02_images/figures/image_0003.jpg,"Fig. 4. Schematic presentation of the conceptual ingredients in CPFE simulations. (a) Example of a case with one type of deformation mechanism (lattice dislocations) and one phase. (b) Example of a case with different deformation mechanisms, phases, orientations and homogenization schemes at the same integration point.",3,0.544067,0.294067,high,paper::sent::106,text_item,Fig. 4(e) provides finer details on the interface through TEM observations.
image_0003,4,../02_images/figures/image_0003.jpg,"Fig. 4. Schematic presentation of the conceptual ingredients in CPFE simulations. (a) Example of a case with one type of deformation mechanism (lattice dislocations) and one phase. (b) Example of a case with different deformation mechanisms, phases, orientations and homogenization schemes at the same integration point.",4,0.541653,0.291653,high,paper::sent::131,text_item,"Figures 4(d3) and 4(d4) also show that as the coating was thermally cycled, the thermal stress accumulated continuously, contributing to the ongoing initiation, propagation, and transformation of oriented cracks into interconnected cracks."
image_0003,4,../02_images/figures/image_0003.jpg,"Fig. 4. Schematic presentation of the conceptual ingredients in CPFE simulations. (a) Example of a case with one type of deformation mechanism (lattice dislocations) and one phase. (b) Example of a case with different deformation mechanisms, phases, orientations and homogenization schemes at the same integration point.",5,0.540921,0.290921,high,paper::sent::105,text_item,"The EDS map in Fig. 4(d) also reveals clear boundaries between the two deposited materials, as expected from the materials compositions (Table 1)."
image_0004,5,../02_images/figures/image_0004.jpg,"Fig. 5. Decomposition of the total deformation gradient, $\mathbf { F } = \mathbf { F } _ { \mathrm { e } } \mathbf { F } _ { \mathrm { p } } $",1,0.5732,0.3232,high,paper::sent::110,text_item,"As depicted in Fig. 5, surface orientation is highly influential to surface roughness."
image_0004,5,../02_images/figures/image_0004.jpg,"Fig. 5. Decomposition of the total deformation gradient, $\mathbf { F } = \mathbf { F } _ { \mathrm { e } } \mathbf { F } _ { \mathrm { p } } $",2,0.570444,0.320444,high,paper::sent::265,text_item,Fig. 5(a) compares the specimen stiffness as a function of crack length from FEM simulations (under both force and displacement control) with the analytical LEFM solution.
image_0004,5,../02_images/figures/image_0004.jpg,"Fig. 5. Decomposition of the total deformation gradient, $\mathbf { F } = \mathbf { F } _ { \mathrm { e } } \mathbf { F } _ { \mathrm { p } } $",3,0.569145,0.319145,high,paper::sent::205,text_item,"In addition to grain boundary migration is intensified, as shown in Fig. 5(b), facilitating the reduction of grain interfaces or rephrased fusion of grains."
image_0004,5,../02_images/figures/image_0004.jpg,"Fig. 5. Decomposition of the total deformation gradient, $\mathbf { F } = \mathbf { F } _ { \mathrm { e } } \mathbf { F } _ { \mathrm { p } } $",4,0.55832,0.30832,high,paper::sent::141,text_item,"As shown in Fig. 5(b3), more oriented cracks arose inside the bond coating than in the coating tested at 1400 and 1450 °C, but a minority of the oriented cracks penetrated through the hafnia-rich precipitates driven by excessive thermal stress during 1500 °C thermal cycling, as shown in the enlarged part."
image_0004,5,../02_images/figures/image_0004.jpg,"Fig. 5. Decomposition of the total deformation gradient, $\mathbf { F } = \mathbf { F } _ { \mathrm { e } } \mathbf { F } _ { \mathrm { p } } $",5,0.558207,0.308207,high,paper::sent::120,text_item,Figure 5(a) shows macroscopic residual stress evolution with ultrasonic energies.
image_0005,6,../02_images/figures/image_0005.jpg,"Fig. 6. Example of pure dislocation deformation, $\mathbf { F } = \mathbf { F } _ { \mathrm { p } } .$",1,0.530354,0.280354,high,paper::sent::123,text_item,"For example, consider the processes shown in Figs. 6 and 7 by which an initially perfect crystal undergoes the same change in shape by shear, though involving different contributions from dislocation slip."
image_0005,6,../02_images/figures/image_0005.jpg,"Fig. 6. Example of pure dislocation deformation, $\mathbf { F } = \mathbf { F } _ { \mathrm { p } } .$",2,0.529625,0.279625,high,paper::sent::108,text_item,"As shown in Fig. 6, the $S _ { \mathrm { c o n f i g } }$ of $( \mathrm { D y } _ { 0 . 2 5 } \mathrm { T m } _ { 0 . 2 5 } \mathrm { Y b } _ { 0 . 2 5 } \mathrm { L u } _ { 0 . 2 5 } ) _ { 2 } \mathrm { S i } _ { 2 } \mathrm { O } _ { 7 } , ( \mathrm { D y } _ { 0 . 2 5 } \mathrm { H } _ { 0 . 2 5 } \mathrm { Y b } _ { 0 . 2 5 } \mathrm { L u } _ { 0 . 2 5 } ) _ { 2 } \mathrm { S i } _ { 2 } \mathrm { O } _ { 7 } ,$ and $( \mathrm { G d } _ { 0 . 2 5 } \mathrm { H o } _ { 0 . 2 5 } \mathrm { Y b } _ { 0 . 2 5 } \mathrm { L u } _ { 0 . 2 5 } ) _ { 2 } \mathrm { S i } _ { 2 } \mathrm { O } _ { 7 }$ systems converge to $1 8 . 7 0 \mathrm { J } { \cdot } \mathrm { m o l } ^ { - 1 } { \cdot } \mathrm { K } ^ { - 1 }$ This is 18.8% lower than the ideal value of $S _ { \mathrm { c o n f i g } } = 2 3 . 0 4 \mathrm { J } { \cdot } \mathrm { m o l } ^ { - 1 } { \cdot } \mathrm { K } ^ { - 1 }$ , which is estimated from ideal $( \mathrm { R E } _ { 0 . 2 5 } ^ { \mathrm { l } } \mathrm { R E } _ { 0 . 2 5 } ^ { \mathrm { I I } } \mathrm { R E } _ { 0 . 2 5 } ^ { \mathrm { I I I } } \mathrm { R E } _ { 0 . 2 5 } ^ { \mathrm { I I I } } \mathrm { R E } _ { 0 . 2 5 } ^ { \mathrm { I V } } ) _ { 2 } \mathrm { S i } _ { 2 } \mathrm { O } _ { 7 }$ solid solution system, i.e., perfectly disordered crystalline with infinitely large lattice and totally random occupations on the doping sites."
image_0005,6,../02_images/figures/image_0005.jpg,"Fig. 6. Example of pure dislocation deformation, $\mathbf { F } = \mathbf { F } _ { \mathrm { p } } .$",3,0.525553,0.275553,high,paper::sent::136,text_item,"Additionally, PF in the $( 1 1 \bar { 2 } 0 ) _ { \alpha }$ direction across all samples (Fig. 6a4, 6b4, 6c4, and 6d4)"
image_0005,6,../02_images/figures/image_0005.jpg,"Fig. 6. Example of pure dislocation deformation, $\mathbf { F } = \mathbf { F } _ { \mathrm { p } } .$",4,0.522815,0.272815,high,paper::sent::147,text_item,"HR images and FFT analyses in Figure 6(m,n) confirm the identification of the $\mathsf { A l } _ { 3 } ( \mathsf { L i } , \mathsf { S c } , \mathsf { Z r } )$ precipitates."
image_0005,6,../02_images/figures/image_0005.jpg,"Fig. 6. Example of pure dislocation deformation, $\mathbf { F } = \mathbf { F } _ { \mathrm { p } } .$",5,0.52065,0.27065,high,paper::sent::139,text_item,"Using the above equations, the critical stress for twinning $\sigma _ { \mathrm { t w } }$ in the AP-HEA is calculated as 403492 MPa, below the YS (\~548 MPa) (Fig. 6)."
image_0006,7,../02_images/figures/image_0006.jpg,"Fig. 7. Example of pure lattice deformation, $\mathbf { F } = \mathbf { F } _ { \mathrm { e } } .$",1,0.522606,0.272606,high,paper::sent::175,text_item,"Bright field (BF) image in Fig. 7(c) displays the grains in each layer with a micrometer size, where the grain boundaries can be observed distinctively."
image_0006,7,../02_images/figures/image_0006.jpg,"Fig. 7. Example of pure lattice deformation, $\mathbf { F } = \mathbf { F } _ { \mathrm { e } } .$",2,0.522528,0.272528,high,paper::sent::146,text_item,"The fitting results obtained by regression of the Voigt measurement model are shown by the solid lines in Fig. 7 (a, b)."
image_0006,7,../02_images/figures/image_0006.jpg,"Fig. 7. Example of pure lattice deformation, $\mathbf { F } = \mathbf { F } _ { \mathrm { e } } .$",3,0.520652,0.270652,high,paper::sent::119,text_item,"As seen in Figure 7, the high Er concentration is due to the influence of Er on $\mathbf { L } 1 _ { 2 }$ content."
image_0006,7,../02_images/figures/image_0006.jpg,"Fig. 7. Example of pure lattice deformation, $\mathbf { F } = \mathbf { F } _ { \mathrm { e } } .$",4,0.516559,0.266559,high,paper::sent::165,text_item,"In contrast, in the LPBF-HT and HAM-HT samples, there are formed high-density precipitates, mostly at grain boundaries (Figures 7(d) and (e))."
image_0006,7,../02_images/figures/image_0006.jpg,"Fig. 7. Example of pure lattice deformation, $\mathbf { F } = \mathbf { F } _ { \mathrm { e } } .$",5,0.515423,0.265423,high,paper::sent::158,text_item,"Figure 7(b) illustrates the recrystallized, substructured, and deformed grains, accounting for 97.1%, 2.4%, and 0.5% volume fractions, respectively."
image_0007,8,../02_images/figures/image_0007.jpg,"F $\mathbf { F } _ { \mathrm { p } }$ results in a diffent congurationthereferencevolumeAdislocatio eormationnitially causes thedeformation cnt $\mathbf { F } _ { \mathrm { p 2 1 } } ,$ followed by $\mathbf { F } _ { \mathrm { p } _ { 1 2 } } ,$ resulting in a p u",1,0.361064,0.311064,low,paper::sent::199,text_item,"Furthermore, the morphologies of particles at grain boundaries can be altered due to the higher mobility of boron in γ matrix."
image_0007,8,../02_images/figures/image_0007.jpg,"F $\mathbf { F } _ { \mathrm { p } }$ results in a diffent congurationthereferencevolumeAdislocatio eormationnitially causes thedeformation cnt $\mathbf { F } _ { \mathrm { p 2 1 } } ,$ followed by $\mathbf { F } _ { \mathrm { p } _ { 1 2 } } ,$ resulting in a p u",2,0.359975,0.309975,low,paper::sent::230,text_item,"According to Tran et al. [47], polycrystalline microstructures composed of smaller grain show denser grain boundaries which intensifies the lattice mismatch in those regions."
image_0007,8,../02_images/figures/image_0007.jpg,"F $\mathbf { F } _ { \mathrm { p } }$ results in a diffent congurationthereferencevolumeAdislocatio eormationnitially causes thedeformation cnt $\mathbf { F } _ { \mathrm { p 2 1 } } ,$ followed by $\mathbf { F } _ { \mathrm { p } _ { 1 2 } } ,$ resulting in a p u",3,0.356849,0.306849,low,paper::sent::188,text_item,"MC carbides at grain boundaries enveloped within layers were limited in the case of the boron-free alloy, thus suggesting that a higher number of crack initiation sites is present as compared to the boron-containing alloys."
image_0007,8,../02_images/figures/image_0007.jpg,"F $\mathbf { F } _ { \mathrm { p } }$ results in a diffent congurationthereferencevolumeAdislocatio eormationnitially causes thedeformation cnt $\mathbf { F } _ { \mathrm { p 2 1 } } ,$ followed by $\mathbf { F } _ { \mathrm { p } _ { 1 2 } } ,$ resulting in a p u",4,0.354684,0.304684,low,paper::sent::173,text_item,"The corresponding FFT pattern reveals stacking faults habit plane is (001). e An inverse FFT image masking circled diffraction spots shows lattice distortion around stacking faults with some additional half planes, indicating the existence of dislocations. f An HRTEM micrograph for the Al9(Fe,Co,Ni)2 particle in (b) slightly off the pillar top with planar defects."
image_0007,8,../02_images/figures/image_0007.jpg,"F $\mathbf { F } _ { \mathrm { p } }$ results in a diffent congurationthereferencevolumeAdislocatio eormationnitially causes thedeformation cnt $\mathbf { F } _ { \mathrm { p 2 1 } } ,$ followed by $\mathbf { F } _ { \mathrm { p } _ { 1 2 } } ,$ resulting in a p u",5,0.354234,0.304234,low,paper::sent::188,text_item,The interactions between core electrons and valence electrons are described by the projector augmented wave (PAW) method53.
image_0008,9,../02_images/figures/image_0008.jpg,"Fig. 9. Schematic drawing of penetration events for mobile dislocations through a grain boundary. The experimentally obtained micrograph is taken from the work of Shen et al. on steel [248]. Here $\mathbf { I } ^ { \alpha \prime } ,$ and $\mathbf { I } _ { \mathbf { G B } } ^ { \alpha }$ are the tangent vectors of the dislocations, and b, bβ and $\mathbf { b } _ { \mathrm { ~ \tiny ~ G B ~ } } ^ { \alpha }$ are their Burgers vectors.",1,0.526608,0.276608,high,paper::sent::239,text_item,"In contrast, heterogeneous microstructures are prone to stress concentration and uneven deformation at CG boundaries, which can facilitate crack initiation and propagation along these boundaries and the interfaces of coarse columnar grains, ultimately leading to failure (Figure 9(e))."
image_0008,9,../02_images/figures/image_0008.jpg,"Fig. 9. Schematic drawing of penetration events for mobile dislocations through a grain boundary. The experimentally obtained micrograph is taken from the work of Shen et al. on steel [248]. Here $\mathbf { I } ^ { \alpha \prime } ,$ and $\mathbf { I } _ { \mathbf { G B } } ^ { \alpha }$ are the tangent vectors of the dislocations, and b, bβ and $\mathbf { b } _ { \mathrm { ~ \tiny ~ G B ~ } } ^ { \alpha }$ are their Burgers vectors.",2,0.522694,0.272694,high,paper::sent::229,text_item,"As illustrated in Figure 9(a), GNDs accumulate at the boundaries between soft and hard regions to accommodate strain gradients, generating forward stress in the hard region which drives dislocation slip and facilitates deformation [51]."
image_0008,9,../02_images/figures/image_0008.jpg,"Fig. 9. Schematic drawing of penetration events for mobile dislocations through a grain boundary. The experimentally obtained micrograph is taken from the work of Shen et al. on steel [248]. Here $\mathbf { I } ^ { \alpha \prime } ,$ and $\mathbf { I } _ { \mathbf { G B } } ^ { \alpha }$ are the tangent vectors of the dislocations, and b, bβ and $\mathbf { b } _ { \mathrm { ~ \tiny ~ G B ~ } } ^ { \alpha }$ are their Burgers vectors.",3,0.521687,0.271687,high,paper::sent::192,text_item,The hydrogen profles for some of the HEE specimens are shown in Fig. 9.
image_0008,9,../02_images/figures/image_0008.jpg,"Fig. 9. Schematic drawing of penetration events for mobile dislocations through a grain boundary. The experimentally obtained micrograph is taken from the work of Shen et al. on steel [248]. Here $\mathbf { I } ^ { \alpha \prime } ,$ and $\mathbf { I } _ { \mathbf { G B } } ^ { \alpha }$ are the tangent vectors of the dislocations, and b, bβ and $\mathbf { b } _ { \mathrm { ~ \tiny ~ G B ~ } } ^ { \alpha }$ are their Burgers vectors.",4,0.516478,0.266478,high,paper::sent::285,text_item,"Meanwhile, lots of movable dislocation leaves large amounts of vacancies, which promotes the formation and growth of voids in IR (Fig. 9(c)) under the influence of temperature and stress."
image_0008,9,../02_images/figures/image_0008.jpg,"Fig. 9. Schematic drawing of penetration events for mobile dislocations through a grain boundary. The experimentally obtained micrograph is taken from the work of Shen et al. on steel [248]. Here $\mathbf { I } ^ { \alpha \prime } ,$ and $\mathbf { I } _ { \mathbf { G B } } ^ { \alpha }$ are the tangent vectors of the dislocations, and b, bβ and $\mathbf { b } _ { \mathrm { ~ \tiny ~ G B ~ } } ^ { \alpha }$ are their Burgers vectors.",5,0.511589,0.261589,high,paper::sent::238,text_item,"Additionally, the complex grain boundaries hinder crack propagation, enabling the material to withstand greater deformation before fracture, thereby exhibiting superior plasticity, as illustrated in Figure 9(d)."
chart_0009,10,../02_images/figures/chart_0009.jpg,Fig. 10. Normalized activation energy for a twist grain boundary with rotations about the [111] direction using $c _ { 9 } ^ { \prime } = 1$ in Eq. (41). The normalization factor is 1 Gb3.,1,0.527607,0.277607,high,paper::sent::208,text_item,Fig. 10 shows the correlation between grain boundary hydrogen concentration and the fracture toughness using the trapping energy of 18 kJ/mol.
chart_0009,10,../02_images/figures/chart_0009.jpg,Fig. 10. Normalized activation energy for a twist grain boundary with rotations about the [111] direction using $c _ { 9 } ^ { \prime } = 1$ in Eq. (41). The normalization factor is 1 Gb3.,2,0.518495,0.318495,high,paper::sent::97,text_item,Fitting statistics for upward and downward-facing regression curves are detailed in Fig. 10.
chart_0009,10,../02_images/figures/chart_0009.jpg,Fig. 10. Normalized activation energy for a twist grain boundary with rotations about the [111] direction using $c _ { 9 } ^ { \prime } = 1$ in Eq. (41). The normalization factor is 1 Gb3.,3,0.513921,0.263921,high,paper::sent::259,text_item,"Meanwhile, the R at the edge of the melt pool is low in the early stage of solidification[20], which provides sufficient time for Sc diffusion and agglomeration to form the primary Al3Sc precipitation (Figure 10(g))."
chart_0009,10,../02_images/figures/chart_0009.jpg,Fig. 10. Normalized activation energy for a twist grain boundary with rotations about the [111] direction using $c _ { 9 } ^ { \prime } = 1$ in Eq. (41). The normalization factor is 1 Gb3.,4,0.511167,0.261167,high,paper::sent::268,text_item,"The results are shown in Figs. 10 and 11, where the activation energy has been normalized by the factor ${ \scriptstyle { \frac { 1 } { 7 } } } G b ^ { 3 }$ and the constant $c _ { 9 } ^ { \prime }$ was chosen to be equal to 1."
chart_0009,10,../02_images/figures/chart_0009.jpg,Fig. 10. Normalized activation energy for a twist grain boundary with rotations about the [111] direction using $c _ { 9 } ^ { \prime } = 1$ in Eq. (41). The normalization factor is 1 Gb3.,5,0.508616,0.308616,high,paper::sent::156,text_item,"The adjusted $R ^ { 2 }$ is also improved over regression analysis between stress amplitude and $N _ { f }$ of downward-facing data, in this case having an $R ^ { 2 }$ of 0.65 (Fig. 10)."
chart_0010,11,../02_images/figures/chart_0010.jpg,Fig. 11. Normalized activation energy for a twist grain boundary with rotations about the [110] direction using $c _ { 9 } ^ { \prime } = \bar { 1 }$ in Eq. (41). The normalization factor is ${ \scriptstyle { \frac { 1 } { 2 } } } G b ^ { 3 }$ •,1,0.541363,0.291363,high,paper::sent::213,text_item,The result of the diffusive segregation analysis on the tensile behavior is shown in Fig. 11.
chart_0010,11,../02_images/figures/chart_0010.jpg,Fig. 11. Normalized activation energy for a twist grain boundary with rotations about the [110] direction using $c _ { 9 } ^ { \prime } = \bar { 1 }$ in Eq. (41). The normalization factor is ${ \scriptstyle { \frac { 1 } { 2 } } } G b ^ { 3 }$ •,2,0.503934,0.303934,high,paper::sent::196,text_item,"Compared with the LPBF sample (Figures 10(a) and (b)), the Mg-rich network disappeared in the LPBF-HT sample as revealed by Figures 11(d) and (e), suggesting a homogeneity distribution of Mg element, and subsequently better solid solution strengthening from Mg."
chart_0010,11,../02_images/figures/chart_0010.jpg,Fig. 11. Normalized activation energy for a twist grain boundary with rotations about the [110] direction using $c _ { 9 } ^ { \prime } = \bar { 1 }$ in Eq. (41). The normalization factor is ${ \scriptstyle { \frac { 1 } { 2 } } } G b ^ { 3 }$ •,3,0.503811,0.303811,high,paper::sent::151,text_item,Microhardness measurement results are summarized in Fig. 11 showing a hardness increase from $1 0 7 . 2 \pm 2 4 . 7 \ \mathrm { H V } _ { 0 . 1 }$ to $2 3 7 . 4 \pm$ $4 . 9 \ \mathrm { H V } _ { 0 . 1 }$ with increasing sintering temperature (1200 to 1280 °C) and then decreased to $1 8 5 . 4 \pm 4 . 2 \mathrm { ~ H V } _ { 0 . 1 }$ for the $1 3 0 0 ~ ^ { \circ } \mathrm { C }$ sample.
chart_0010,11,../02_images/figures/chart_0010.jpg,Fig. 11. Normalized activation energy for a twist grain boundary with rotations about the [110] direction using $c _ { 9 } ^ { \prime } = \bar { 1 }$ in Eq. (41). The normalization factor is ${ \scriptstyle { \frac { 1 } { 2 } } } G b ^ { 3 }$ •,4,0.503718,0.303718,high,paper::sent::345,text_item,"Similarly, Fig. 11(b) highlights the relationship between the rate of change of compliance with respect to crack area (dC /da) and the crack length, a key parameter for fatigue analysis."
chart_0010,11,../02_images/figures/chart_0010.jpg,Fig. 11. Normalized activation energy for a twist grain boundary with rotations about the [110] direction using $c _ { 9 } ^ { \prime } = \bar { 1 }$ in Eq. (41). The normalization factor is ${ \scriptstyle { \frac { 1 } { 2 } } } G b ^ { 3 }$ •,5,0.503298,0.303298,high,paper::sent::146,text_item,"The best and worst fits for all data, downward-facing data and upward-facing data are plotted in Fig. 11, Fig. 12 and Fig. 13 respectively."
image_0011,12,../02_images/figures/image_0011.jpg,"Fig. 12. Two-dimensional schematic drawing of the bulk element (a) and of the grain boundary element (b) for the initial case. During the deformation, for the bulk element GNDs should keep the continuity of the lattice in the X and Y directions, while for the grain boundary element the lattice continuity is only kept in the X direction. In the Y direction the penetration energy is introduced.",1,0.540674,0.290674,high,paper::sent::254,text_item,"This is backed by the observation that Sample B shows multiple necking locations (Fig. 12(b)) and better ductility compared with the baseline Sample A (Fig. 12(a), Fig. 2(a)), despite of their similar lamella"
image_0011,12,../02_images/figures/image_0011.jpg,"Fig. 12. Two-dimensional schematic drawing of the bulk element (a) and of the grain boundary element (b) for the initial case. During the deformation, for the bulk element GNDs should keep the continuity of the lattice in the X and Y directions, while for the grain boundary element the lattice continuity is only kept in the X direction. In the Y direction the penetration energy is introduced.",2,0.53215,0.28215,high,paper::sent::287,text_item,"Moreover, the topological inversion phenomenon also weakens the strength of IR based on the results of Eq. (11) and reduces the number of $\gamma / \gamma ^ { \prime }$ interfaces, making the propagation of cracks concentrated in IR and terminated on DC (illustrated in Fig. 12)."
image_0011,12,../02_images/figures/image_0011.jpg,"Fig. 12. Two-dimensional schematic drawing of the bulk element (a) and of the grain boundary element (b) for the initial case. During the deformation, for the bulk element GNDs should keep the continuity of the lattice in the X and Y directions, while for the grain boundary element the lattice continuity is only kept in the X direction. In the Y direction the penetration energy is introduced.",3,0.52502,0.27502,high,paper::sent::278,text_item,"In this element one-half of the Gauss points belongs to one crystal, while the other half belongs to the other crystal, see Fig. 12."
image_0011,12,../02_images/figures/image_0011.jpg,"Fig. 12. Two-dimensional schematic drawing of the bulk element (a) and of the grain boundary element (b) for the initial case. During the deformation, for the bulk element GNDs should keep the continuity of the lattice in the X and Y directions, while for the grain boundary element the lattice continuity is only kept in the X direction. In the Y direction the penetration energy is introduced.",4,0.524976,0.274976,high,paper::sent::266,text_item,"Last but not least, compared with other HSs (Fig. 12), the global strain concentration of the improved Sample D is more distributed, accompanied by a lower magnitude (Fig. 14(d) and (e)) and multi-necking (Fig. 14(f)), resulting in further improved work hardening and ductility."
image_0011,12,../02_images/figures/image_0011.jpg,"Fig. 12. Two-dimensional schematic drawing of the bulk element (a) and of the grain boundary element (b) for the initial case. During the deformation, for the bulk element GNDs should keep the continuity of the lattice in the X and Y directions, while for the grain boundary element the lattice continuity is only kept in the X direction. In the Y direction the penetration energy is introduced.",5,0.507206,0.307206,high,paper::sent::263,text_item,"As shown in Fig. 12(a) and (b), B200C31 exhibits a significant nonlinear deformation stage, while the nonlinear stage for B100C20 is very short."
image_0012,13,../02_images/figures/image_0012.jpg,transformation parts.,1,0.36726,0.31726,low,paper::sent::326,text_item,Driving forces and kinetic relations for transformation and plasticity
image_0012,13,../02_images/figures/image_0012.jpg,transformation parts.,2,0.366947,0.316947,low,paper::sent::289,text_item,"Mechanical twinning proceeds by a shear mechanism, which reorients the volume affected into a mirror orientation relative to the surrounding matrix."
image_0012,13,../02_images/figures/image_0012.jpg,transformation parts.,3,0.362203,0.312203,low,paper::sent::434,text_item,A similar transformation is applied to the momentum balance equation (Eq. (19)).
image_0012,13,../02_images/figures/image_0012.jpg,transformation parts.,4,0.361777,0.311777,low,paper::sent::255,text_item,"The internal strain rate (ξ) of the part gradually decreases with the increase of shock depth, and dislocation density in the material gradually decreases, resulting in the gradient dislocation structure."
image_0012,13,../02_images/figures/image_0012.jpg,transformation parts.,5,0.360731,0.310731,low,paper::sent::277,text_item,"Depending on the volume fraction of these two phases, one of the deformation modes dominates."
image_0013,14,../02_images/figures/image_0013.jpg,"Fig. 14. Under an applied stress, one-half of the initial volume (dashed lines) shears to form a twin (solid lines) (after Hirth and Lothe [269]).",1,0.574067,0.324067,high,paper::sent::358,text_item,A mechanical twin formally corresponds to a sheared volume for which the lattice orientation is transformed into its mirror image across a so-called twin/composition/habitus plane (Fig. 14).
image_0013,14,../02_images/figures/image_0013.jpg,"Fig. 14. Under an applied stress, one-half of the initial volume (dashed lines) shears to form a twin (solid lines) (after Hirth and Lothe [269]).",2,0.511398,0.261398,high,paper::sent::273,text_item,"With the mutual accumulation of ultrasonic impact strains, numerous movements of dislocation tangles interact with dislocation walls, forming dislocation cells (Figure 14(c))."
image_0013,14,../02_images/figures/image_0013.jpg,"Fig. 14. Under an applied stress, one-half of the initial volume (dashed lines) shears to form a twin (solid lines) (after Hirth and Lothe [269]).",3,0.508158,0.258158,high,paper::sent::275,text_item,"Dislocations surrounding the dislocation wall and cell in grain undergo annihilation and rearrangement, leading to the formation of LAGBs (Figure 14(b)) and changes from LAGBs to HAGBs, forming massive nanograins (Figure 16(b))."
image_0013,14,../02_images/figures/image_0013.jpg,"Fig. 14. Under an applied stress, one-half of the initial volume (dashed lines) shears to form a twin (solid lines) (after Hirth and Lothe [269]).",4,0.507335,0.307335,high,paper::sent::276,text_item,"Interestingly, numerous dislocations were observed interacting with this (001) twinning, a phenomenon not previously reported in other similar studies [14,53], as illustrated in Fig. 14(e)."
image_0013,14,../02_images/figures/image_0013.jpg,"Fig. 14. Under an applied stress, one-half of the initial volume (dashed lines) shears to form a twin (solid lines) (after Hirth and Lothe [269]).",5,0.493821,0.243821,high,paper::sent::250,text_item,"Fig. 14 shows the strain profile, calculated from the work of Rice and Johnson [32], for the IHE specimen and the HEE specimens that failed at \~44 MPa/m."
image_0014,15,../02_images/figures/image_0014.jpg,"Fig. 15. Schematic representation of the three configurations and the corresponding decomposition of the deformation gradient F into elastic and plastic contributions, modified by Kalidindi to account for mechanical twinning [114,164].",1,0.52691,0.27691,high,paper::sent::391,text_item,The activation of a twin system $\beta$ implies that a fraction $\mathrm { d } f ^ { \beta }$ of the single-crystalline parent volume (matrix) reorients by $\mathbf { Q } ^ { \beta } .$ Fig. 15 illustrates the decomposition of the global deformation gradient F when a twin system operates.
image_0014,15,../02_images/figures/image_0014.jpg,"Fig. 15. Schematic representation of the three configurations and the corresponding decomposition of the deformation gradient F into elastic and plastic contributions, modified by Kalidindi to account for mechanical twinning [114,164].",2,0.496548,0.296548,high,paper::sent::205,text_item,"As the distance from the surface increases from area 3 to area 4 and beyond, the microstructures observed in areas 2 and 3 are repeated due to the continuous reduction of thermal effect (Fig. 15(e) and (f))."
image_0014,15,../02_images/figures/image_0014.jpg,"Fig. 15. Schematic representation of the three configurations and the corresponding decomposition of the deformation gradient F into elastic and plastic contributions, modified by Kalidindi to account for mechanical twinning [114,164].",3,0.495191,0.295191,high,paper::sent::139,text_item,Fig. 15(a) was obtained by scanning the non-overlap regions in Fig. 15(b) in the XY direction.
image_0014,15,../02_images/figures/image_0014.jpg,"Fig. 15. Schematic representation of the three configurations and the corresponding decomposition of the deformation gradient F into elastic and plastic contributions, modified by Kalidindi to account for mechanical twinning [114,164].",4,0.490375,0.290375,high,paper::sent::456,text_item,"As shown in Fig. 15, the fitted splines accurately capture the crack trajectory evolution throughout the simulation."
image_0014,15,../02_images/figures/image_0014.jpg,"Fig. 15. Schematic representation of the three configurations and the corresponding decomposition of the deformation gradient F into elastic and plastic contributions, modified by Kalidindi to account for mechanical twinning [114,164].",5,0.489642,0.289642,high,paper::sent::199,text_item,It is interesting to note that the α2/β/γ mixed structure is observed in area 2 just below area 1 (Fig. 15(c)).
image_0015,16,../02_images/figures/image_0015.jpg,"Fig. 16. Illustration of the selective role of twin boundaries during dislocation motion for fcc structures, as proposed by Kalidindi.",1,0.515994,0.265994,high,paper::sent::418,text_item,This concept is illustrated in Fig. 16 for the fcc case.
image_0015,16,../02_images/figures/image_0015.jpg,"Fig. 16. Illustration of the selective role of twin boundaries during dislocation motion for fcc structures, as proposed by Kalidindi.",2,0.501507,0.301507,high,paper::sent::178,text_item,"Thus, voids on the incoherent interface interlink and form a continuous crack path as illustrated in Fig. 16(a)."
image_0015,16,../02_images/figures/image_0015.jpg,"Fig. 16. Illustration of the selective role of twin boundaries during dislocation motion for fcc structures, as proposed by Kalidindi.",3,0.494533,0.294533,high,paper::sent::176,text_item,"Moreover, Fig. 16 illustrates secondary cracks from sections cut parallel to stress axis of the boron-free and medium boron alloys."
image_0015,16,../02_images/figures/image_0015.jpg,"Fig. 16. Illustration of the selective role of twin boundaries during dislocation motion for fcc structures, as proposed by Kalidindi.",4,0.492858,0.292858,high,paper::sent::146,text_item,"In addition to crack deflection, fiber bridging, and fiber pull-out; multi-layer pull-out of the SiC matrix was also observed, as presented in Fig. 16(b)."
image_0015,16,../02_images/figures/image_0015.jpg,"Fig. 16. Illustration of the selective role of twin boundaries during dislocation motion for fcc structures, as proposed by Kalidindi.",5,0.489257,0.289257,high,paper::sent::169,text_item,"The stress-strain tensile testing curves (not shown) showed no indications of necking, and the fracture surfaces reflected brittle fracture, consistent with the low elongation reported in Fig. 16."
image_0016,17,../02_images/figures/image_0016.jpg,"Fig. 17. Sequential activation of twin systems and its mathematical/ numerical treatment for fcc structures: at small strains, the hardening evolution of existing twins is mainly governed by the activity of noncoplanar twins. Beyond a critical point, existing twins are strongly hardened by coplanar twins, phenomenologically triggering formation of non-coplanar twins. $( \tau _ { \mathrm { c } } ^ { \beta }$ critical twinning shear stress, F, $\mathrm { F _ { c p } , \Delta F _ { n c p } . }$ cumulative twin volume fraction of all twin systems, only those systems which are co-planar, and those which are non-coplanar to system $\beta ,$ respectively.",1,0.53258,0.28258,high,paper::sent::429,text_item,"This sequential activation, described in Fig. 17, is phenomenologically translated in terms of two monotonic mathematical power functions depending on either strain rate [169] or twin volume fraction rates [114]."
image_0016,17,../02_images/figures/image_0016.jpg,"Fig. 17. Sequential activation of twin systems and its mathematical/ numerical treatment for fcc structures: at small strains, the hardening evolution of existing twins is mainly governed by the activity of noncoplanar twins. Beyond a critical point, existing twins are strongly hardened by coplanar twins, phenomenologically triggering formation of non-coplanar twins. $( \tau _ { \mathrm { c } } ^ { \beta }$ critical twinning shear stress, F, $\mathrm { F _ { c p } , \Delta F _ { n c p } . }$ cumulative twin volume fraction of all twin systems, only those systems which are co-planar, and those which are non-coplanar to system $\beta ,$ respectively.",2,0.523708,0.323708,high,paper::sent::155,text_item,"Longitudinal matrix cracking: With the increase in the load, transverse shrinkage cracks and transverse cracks within the fiber bundles begin to deflect along the interlayer to form longitudinal cracks, as shown in Fig. 17(c)."
image_0016,17,../02_images/figures/image_0016.jpg,"Fig. 17. Sequential activation of twin systems and its mathematical/ numerical treatment for fcc structures: at small strains, the hardening evolution of existing twins is mainly governed by the activity of noncoplanar twins. Beyond a critical point, existing twins are strongly hardened by coplanar twins, phenomenologically triggering formation of non-coplanar twins. $( \tau _ { \mathrm { c } } ^ { \beta }$ critical twinning shear stress, F, $\mathrm { F _ { c p } , \Delta F _ { n c p } . }$ cumulative twin volume fraction of all twin systems, only those systems which are co-planar, and those which are non-coplanar to system $\beta ,$ respectively.",3,0.521214,0.321214,high,paper::sent::153,text_item,"Transverse matrix cracking: Owing to the low-fracture energy and uneven distribution of PIP-SiC matrix, the matrix cracks first appear in the transverse fiber bundles perpendicular to the tensile direction and in the unreinforced regions, as shown in Fig. 17(b)."
image_0016,17,../02_images/figures/image_0016.jpg,"Fig. 17. Sequential activation of twin systems and its mathematical/ numerical treatment for fcc structures: at small strains, the hardening evolution of existing twins is mainly governed by the activity of noncoplanar twins. Beyond a critical point, existing twins are strongly hardened by coplanar twins, phenomenologically triggering formation of non-coplanar twins. $( \tau _ { \mathrm { c } } ^ { \beta }$ critical twinning shear stress, F, $\mathrm { F _ { c p } , \Delta F _ { n c p } . }$ cumulative twin volume fraction of all twin systems, only those systems which are co-planar, and those which are non-coplanar to system $\beta ,$ respectively.",4,0.498769,0.298769,high,paper::sent::158,text_item,"Fiber pull-out and materials failure: Fig. 17(d) shows that with the propagation of longitudinal cracks, the PIP-SiC matrix breaks along the shrinkage cracks and pores; however, the unloaded transverse fiber bundles can still maintain the original morphology."
image_0016,17,../02_images/figures/image_0016.jpg,"Fig. 17. Sequential activation of twin systems and its mathematical/ numerical treatment for fcc structures: at small strains, the hardening evolution of existing twins is mainly governed by the activity of noncoplanar twins. Beyond a critical point, existing twins are strongly hardened by coplanar twins, phenomenologically triggering formation of non-coplanar twins. $( \tau _ { \mathrm { c } } ^ { \beta }$ critical twinning shear stress, F, $\mathrm { F _ { c p } , \Delta F _ { n c p } . }$ cumulative twin volume fraction of all twin systems, only those systems which are co-planar, and those which are non-coplanar to system $\beta ,$ respectively.",5,0.497514,0.297514,high,paper::sent::206,text_item,A layered microstructure is formed (Fig. 17(d)) by repeating the microstructural evolution in areas 2 and 3 during the feed and fusion of new powder layers.
image_0017,18,../02_images/figures/image_0017.jpg,"Fig. 18. Influence of crystal orientation on grain or phase boundary damage nucleation. The grain on the right has two widely spaced damage sites that are favorably oriented for shear localization between them. In contrast, the grain on the left has two closely spaced damage sites that are not favorably oriented for shear localization, but an intragranular crack can develop from the cracked particle.",1,0.545994,0.295994,high,paper::sent::586,text_item,"In fatigue conditions, subcritical short cracks either pre-exist due to cracked inclusions (such as constituent particles, see Fig. 18) or from cracking early during fatigue cycling, but do not propagate past a limiting grain boundary or past a triple line [338,339]."
image_0017,18,../02_images/figures/image_0017.jpg,"Fig. 18. Influence of crystal orientation on grain or phase boundary damage nucleation. The grain on the right has two widely spaced damage sites that are favorably oriented for shear localization between them. In contrast, the grain on the left has two closely spaced damage sites that are not favorably oriented for shear localization, but an intragranular crack can develop from the cracked particle.",2,0.534373,0.284373,high,paper::sent::579,text_item,Fig. 18 illustrates how two cavities that are close together may not coalesce preferentially if the slip systems are not favorably oriented.
image_0017,18,../02_images/figures/image_0017.jpg,"Fig. 18. Influence of crystal orientation on grain or phase boundary damage nucleation. The grain on the right has two widely spaced damage sites that are favorably oriented for shear localization between them. In contrast, the grain on the left has two closely spaced damage sites that are not favorably oriented for shear localization, but an intragranular crack can develop from the cracked particle.",3,0.476558,0.276558,high,paper::sent::312,text_item,"The grain refinement in the HAM-HT sample, particularly the ultrafine/nano grains in the interlayer USP impact layers (see Figure 18(a)), led to the grain boundary strengthening"
image_0017,18,../02_images/figures/image_0017.jpg,"Fig. 18. Influence of crystal orientation on grain or phase boundary damage nucleation. The grain on the right has two widely spaced damage sites that are favorably oriented for shear localization between them. In contrast, the grain on the left has two closely spaced damage sites that are not favorably oriented for shear localization, but an intragranular crack can develop from the cracked particle.",4,0.468188,0.268188,high,paper::sent::136,text_item,"After cycling for 20,000 cycles, the $\mathrm { L T G } _ { 0 . 2 5 } \mathrm { P S S e } _ { 0 . 2 }$ homogeneous cathode remains dense and integrated (Fig. 5a and Supplementary Fig. 18)."
image_0017,18,../02_images/figures/image_0017.jpg,"Fig. 18. Influence of crystal orientation on grain or phase boundary damage nucleation. The grain on the right has two widely spaced damage sites that are favorably oriented for shear localization between them. In contrast, the grain on the left has two closely spaced damage sites that are not favorably oriented for shear localization, but an intragranular crack can develop from the cracked particle.",5,0.467571,0.267571,high,paper::sent::299,text_item,Figure 18(a) shows grain morphologies of two-layer impact.
chart_0018,19,../02_images/figures/chart_0018.jpg,"Fig. 19. Cohesive zone interfacial strength models: the vertical axis is a normalized tensile (a) or shear (b) strength, and the horizontal axis is a normalized displacement. The arrows indicate unloading/reloading paths [322].",1,0.561154,0.311154,high,paper::sent::610,text_item,"The energy-based definition of the grain boundary character has been modeled in CPFE modeling using the cohesive force model first presented by Needleman [359,360], who described the cohesive energy as an empirical scalar function that relates displacement to normal and shear traction evolution in the boundary plane (Fig. 19)."
chart_0018,19,../02_images/figures/chart_0018.jpg,"Fig. 19. Cohesive zone interfacial strength models: the vertical axis is a normalized tensile (a) or shear (b) strength, and the horizontal axis is a normalized displacement. The arrows indicate unloading/reloading paths [322].",2,0.526204,0.326204,high,paper::sent::228,text_item,"Thus, $\sigma _ { \mathrm { B } }$ of the alloys at 1023 K basically increases with increasing volume fraction of the β phase containing the ${ \mathfrak { o } } _ { 0 }$ phase (Fig. 19(c))."
chart_0018,19,../02_images/figures/chart_0018.jpg,"Fig. 19. Cohesive zone interfacial strength models: the vertical axis is a normalized tensile (a) or shear (b) strength, and the horizontal axis is a normalized displacement. The arrows indicate unloading/reloading paths [322].",3,0.517831,0.317831,high,paper::sent::220,text_item,"Thus, σB of the rods with the HED microstructure increases linearly with increasing Vallβ (Fig. 19(b))."
chart_0018,19,../02_images/figures/chart_0018.jpg,"Fig. 19. Cohesive zone interfacial strength models: the vertical axis is a normalized tensile (a) or shear (b) strength, and the horizontal axis is a normalized displacement. The arrows indicate unloading/reloading paths [322].",4,0.515006,0.315006,high,paper::sent::218,text_item,Fig. 19(a) shows the relationship between $V _ { \alpha 2 / \gamma \ G }$ and $\sigma _ { \mathrm { B } }$ of the rods fabricated by the low ED conditions.
chart_0018,19,../02_images/figures/chart_0018.jpg,"Fig. 19. Cohesive zone interfacial strength models: the vertical axis is a normalized tensile (a) or shear (b) strength, and the horizontal axis is a normalized displacement. The arrows indicate unloading/reloading paths [322].",5,0.511316,0.311316,high,paper::sent::337,text_item,"To quantify the HDI strengthening (σHDI), cyclic loadingunloading tensile tests are performed, and the obtained typical true stress-strain curves of LPBF-HT and HAM-HT samples are shown in Figure 19(a), and the σHDI is calculated according to the equation $( 9 ) ^ { [ 8 1 ] }$ .."
image_0019,20,../02_images/figures/image_0019.jpg,"Fig. 20. Influence of cohesive zone interfacial strength models coupled with non-local CPFE microstructure models on plastic strain development with and without use of boundary strength models; representative 2-D plane strain microstructure (experimental, left) and mesh for a two-phase W(Ni, Fe) alloy (a), and effects of fracture criteria on stress and strain obtained in simulations (b) Clayton [323,324].",1,0.470591,0.270591,high,paper::sent::161,text_item,"Furthermore, non-uniform lithiation also results in a non-uniform stress distribution of NCM811 particles (Supplementary Fig. 20), accelerating the mechanical failure of heterogeneous cathodes and thus shortening the ASLB cycle life."
image_0019,20,../02_images/figures/image_0019.jpg,"Fig. 20. Influence of cohesive zone interfacial strength models coupled with non-local CPFE microstructure models on plastic strain development with and without use of boundary strength models; representative 2-D plane strain microstructure (experimental, left) and mesh for a two-phase W(Ni, Fe) alloy (a), and effects of fracture criteria on stress and strain obtained in simulations (b) Clayton [323,324].",2,0.465791,0.265791,high,paper::sent::145,text_item,"These mechanical failure behaviours can be reasonably attributed to the high Young's modulus, -200 GPa, large volume change, \~5.1% for NCM811 (refs. 14,42), and non-uniform lithiation resulting in a non-uniform stress distribution (Supplementary Fig. 20)."
image_0019,20,../02_images/figures/image_0019.jpg,"Fig. 20. Influence of cohesive zone interfacial strength models coupled with non-local CPFE microstructure models on plastic strain development with and without use of boundary strength models; representative 2-D plane strain microstructure (experimental, left) and mesh for a two-phase W(Ni, Fe) alloy (a), and effects of fracture criteria on stress and strain obtained in simulations (b) Clayton [323,324].",3,0.445917,0.245917,high,paper::sent::343,text_item,"The precipitation strengthening from Al3(Sc, Zr) particles is the main strengthening segment in the HAM-HT sample (Figure 20)."
image_0019,20,../02_images/figures/image_0019.jpg,"Fig. 20. Influence of cohesive zone interfacial strength models coupled with non-local CPFE microstructure models on plastic strain development with and without use of boundary strength models; representative 2-D plane strain microstructure (experimental, left) and mesh for a two-phase W(Ni, Fe) alloy (a), and effects of fracture criteria on stress and strain obtained in simulations (b) Clayton [323,324].",4,0.41857,0.21857,high,paper::sent::121,text_item,"In addition, Ti, C, O and F elements were uniformly distributed (Fig. 20), indicating that the two materials were fully mixed."
image_0019,20,../02_images/figures/image_0019.jpg,"Fig. 20. Influence of cohesive zone interfacial strength models coupled with non-local CPFE microstructure models on plastic strain development with and without use of boundary strength models; representative 2-D plane strain microstructure (experimental, left) and mesh for a two-phase W(Ni, Fe) alloy (a), and effects of fracture criteria on stress and strain obtained in simulations (b) Clayton [323,324].",5,0.385266,0.185266,high,paper::sent::115,text_item,"In other words, they possess high predicted UTS and TE values, and accordingly, the term corresponding to exploitation in the EHVI equation, as visually represented in Supplementary Fig. 20, increases proportionally, resulting in those combinations to possess high EHVI values."
chart_0020,21,../02_images/figures/chart_0020.jpg,"Fig. 21. While the intact boundary fraction is very high in the low ∑ boundaries, many higher Σ boundaries are also intact [325].",1,0.501528,0.251528,high,paper::sent::620,text_item,"Lehockey and Palumbo [325], Fig. 21, suggest that additional criteria for identifying strong and weak boundaries exist, such as the influence of active deformation systems."
chart_0020,21,../02_images/figures/chart_0020.jpg,"Fig. 21. While the intact boundary fraction is very high in the low ∑ boundaries, many higher Σ boundaries are also intact [325].",2,0.462699,0.262699,high,paper::sent::152,text_item,"For a heterogeneous cathode consisting of 68 wt% NCM811, 29 wt% $\mathrm { L i } _ { 6 } \mathrm { P S } _ { 5 } \mathrm { C l }$ and 3 wt% carbon with confined active sites, the $\sigma _ { \mathrm { L i ^ { + } } }$ and $\sigma _ { \mathrm { e } }$ of this composite are estimated to be $2 . 2 \times 1 0 ^ { - 4 } \mathsf { S c m ^ { - 1 } }$ and 88 mS cm−1 (Supplementary Fig. 21), respectively."
chart_0020,21,../02_images/figures/chart_0020.jpg,"Fig. 21. While the intact boundary fraction is very high in the low ∑ boundaries, many higher Σ boundaries are also intact [325].",3,0.453749,0.253749,high,paper::sent::148,text_item,"In addition to the SF analysis, the effects of phase constitution and alloying element partitioning between the α' and β phases on mechanical properties were also examined, and the results are reported in Supplementary Note 8 and Supplementary Figs. 21 and 22."
chart_0020,21,../02_images/figures/chart_0020.jpg,"Fig. 21. While the intact boundary fraction is very high in the low ∑ boundaries, many higher Σ boundaries are also intact [325].",4,0.35689,0.30689,low,paper::sent::644,text_item,"Thus, triple line characteristics affect properties [371,372], e.g. cavitation and cracking are more likely at U-lines [373]."
chart_0020,21,../02_images/figures/chart_0020.jpg,"Fig. 21. While the intact boundary fraction is very high in the low ∑ boundaries, many higher Σ boundaries are also intact [325].",5,0.356026,0.306026,low,paper::sent::651,text_item,"(III) The boundary is transparent to dislocations, and (near) perfect transmission can occur (e.g. low ∑ boundaries related to I-lines, [376] or low-angle boundaries [95,375], this type of boundary is most naturally modeled with CPFE methods)."
image_0021,22,../02_images/figures/image_0021.jpg,Fig. 22. Angles and vectors used to evaluate the geometrical efficiency of strain transfer at a grain boundary [199].,1,0.537144,0.287144,high,paper::sent::664,text_item,"The density was reduced if slip transfer occurred, i.e. if $\theta < 1 5 ^ { \circ }$ and $\kappa < 3 5 ^ { \circ }$ in Fig. 22 (based upon experimental observations of Werner and Prantl [367]), then slip transfer was permitted in proportion to the geometrical factor cos Θ cos κk to reduce the accumulated dislocation density in the grains on either side."
image_0021,22,../02_images/figures/image_0021.jpg,Fig. 22. Angles and vectors used to evaluate the geometrical efficiency of strain transfer at a grain boundary [199].,2,0.521739,0.271739,high,paper::sent::680,text_item,"This term describes how well the local shear direction at the boundary can be accommodated by dislocation activity in the neighboring or initiating grain, i.e. the scalar product defined by the angle k in Fig. 22."
image_0021,22,../02_images/figures/image_0021.jpg,Fig. 22. Angles and vectors used to evaluate the geometrical efficiency of strain transfer at a grain boundary [199].,3,0.511363,0.261363,high,paper::sent::631,text_item,"This geometry is illustrated in Fig. 22, and the three ""rules"" that summarize conditions for slip transfer are:"
image_0021,22,../02_images/figures/image_0021.jpg,Fig. 22. Angles and vectors used to evaluate the geometrical efficiency of strain transfer at a grain boundary [199].,4,0.348736,0.298736,low,paper::sent::658,text_item,"To make computational modeling of damage nucleation possible in the CPFE paradigm, grain boundary elements that allow physically realistic deformation transfer are necessary."
image_0021,22,../02_images/figures/image_0021.jpg,Fig. 22. Angles and vectors used to evaluate the geometrical efficiency of strain transfer at a grain boundary [199].,5,0.346749,0.296749,low,paper::sent::637,text_item,Slip transmission criteria depend strongly on the degree of coplanarity of slip systems engaged in deformation transfer (Θ will be small if ψ is small).
image_0022,23,../02_images/figures/image_0022.jpg,"Fig. 23. Clockwise loop of calculations during stress determination.(S second PiolaKirchhoff stress, $\dot { \gamma } ^ { \alpha }$ shear rate, $\mathbf { L } _ { \mathrm { p } }$ plastic velocity gradient, m slip direction, n slip plane normal, $\mathbf { F } _ { \mathrm { p } }$ plastic deformation gradient, $\mathbf { F } _ { \mathrm { e } }$ elastic deformation gradient, C elasticity tensor, I identity matrix).",1,0.559466,0.309466,high,paper::sent::730,text_item,Fig. 23 visualizes the set-up of the clockwise loop of calculations to be performed.
image_0022,23,../02_images/figures/image_0022.jpg,"Fig. 23. Clockwise loop of calculations during stress determination.(S second PiolaKirchhoff stress, $\dot { \gamma } ^ { \alpha }$ shear rate, $\mathbf { L } _ { \mathrm { p } }$ plastic velocity gradient, m slip direction, n slip plane normal, $\mathbf { F } _ { \mathrm { p } }$ plastic deformation gradient, $\mathbf { F } _ { \mathrm { e } }$ elastic deformation gradient, C elasticity tensor, I identity matrix).",2,0.353827,0.303827,low,paper::sent::757,text_item,CPFE constitutive models as introduced in Section 4 are formulated in a tensorial way to account for material anisotropy.
image_0022,23,../02_images/figures/image_0022.jpg,"Fig. 23. Clockwise loop of calculations during stress determination.(S second PiolaKirchhoff stress, $\dot { \gamma } ^ { \alpha }$ shear rate, $\mathbf { L } _ { \mathrm { p } }$ plastic velocity gradient, m slip direction, n slip plane normal, $\mathbf { F } _ { \mathrm { p } }$ plastic deformation gradient, $\mathbf { F } _ { \mathrm { e } }$ elastic deformation gradient, C elasticity tensor, I identity matrix).",3,0.34985,0.29985,low,paper::sent::739,text_item,The second point concerns the numerical convergence behavior of the overall system.
image_0022,23,../02_images/figures/image_0022.jpg,"Fig. 23. Clockwise loop of calculations during stress determination.(S second PiolaKirchhoff stress, $\dot { \gamma } ^ { \alpha }$ shear rate, $\mathbf { L } _ { \mathrm { p } }$ plastic velocity gradient, m slip direction, n slip plane normal, $\mathbf { F } _ { \mathrm { p } }$ plastic deformation gradient, $\mathbf { F } _ { \mathrm { e } }$ elastic deformation gradient, C elasticity tensor, I identity matrix).",4,0.348704,0.298704,low,paper::sent::731,text_item,"In principle, one could start predicting any of the quantities involved, follow the circle and compare the resulting quantity with the predicted one."
image_0022,23,../02_images/figures/image_0022.jpg,"Fig. 23. Clockwise loop of calculations during stress determination.(S second PiolaKirchhoff stress, $\dot { \gamma } ^ { \alpha }$ shear rate, $\mathbf { L } _ { \mathrm { p } }$ plastic velocity gradient, m slip direction, n slip plane normal, $\mathbf { F } _ { \mathrm { p } }$ plastic deformation gradient, $\mathbf { F } _ { \mathrm { e } }$ elastic deformation gradient, C elasticity tensor, I identity matrix).",5,0.348358,0.298358,low,paper::sent::747,text_item,"Firstly, the FE solver can follow an explicit or implicit approach, and secondly the material model can be iterated using explicit or implicit integration schemes."
image_0023,24,../02_images/figures/image_0023.jpg,"F CPF cio initial orientation scatter, Coulomb friction coefficient 0.3.",1,0.357426,0.307426,low,paper::sent::809,text_item,"First, the deformation-induced orientation patterns were investigated in 3-D using a high-resolution tomographic EBSD technique [174,177]."
image_0023,24,../02_images/figures/image_0023.jpg,"F CPF cio initial orientation scatter, Coulomb friction coefficient 0.3.",2,0.345026,0.295026,low,paper::sent::807,text_item,The patterns were characterized by neighboring crystalline zones with opposite rotations rates.
image_0023,24,../02_images/figures/image_0023.jpg,"F CPF cio initial orientation scatter, Coulomb friction coefficient 0.3.",3,0.343242,0.293242,low,paper::sent::805,text_item,This example concerns the origin of deformation-induced orientation patterns below nanoindents in a {1 1 1}-oriented copper single crystal.
image_0023,24,../02_images/figures/image_0023.jpg,"F CPF cio initial orientation scatter, Coulomb friction coefficient 0.3.",4,0.343034,0.293034,low,paper::sent::799,text_item,"The experiment was compared to simulations conducted by a CPFE analysis using a dislocation density-based constitutive hardening law [23,24,174]."
image_0023,24,../02_images/figures/image_0023.jpg,"F CPF cio initial orientation scatter, Coulomb friction coefficient 0.3.",5,0.34174,0.29174,low,paper::sent::834,text_item,This means that each reorientation step which introduces an orientation divergence with respect to the neighborhood [117] is impeded owing to the corresponding introduction of additional GNDs.
image_0024,25,../02_images/figures/image_0024.jpg,"The crosses indicate the initial orientation. CD, cross direction; BD, bending direction.",1,0.361904,0.311904,low,paper::sent::815,text_item,Application of a non-local dislocation model including GNDs to shear tests of aluminum single crystals
image_0024,25,../02_images/figures/image_0024.jpg,"The crosses indicate the initial orientation. CD, cross direction; BD, bending direction.",2,0.352945,0.302945,low,paper::sent::805,text_item,This example concerns the origin of deformation-induced orientation patterns below nanoindents in a {1 1 1}-oriented copper single crystal.
image_0024,25,../02_images/figures/image_0024.jpg,"The crosses indicate the initial orientation. CD, cross direction; BD, bending direction.",3,0.348251,0.298251,low,paper::sent::803,text_item,Similar CPFE simulations on the deformation of pillars by micro-scale compression tests were presented by Raabe et al. [172].
image_0024,25,../02_images/figures/image_0024.jpg,"The crosses indicate the initial orientation. CD, cross direction; BD, bending direction.",4,0.345516,0.295516,low,paper::sent::809,text_item,"First, the deformation-induced orientation patterns were investigated in 3-D using a high-resolution tomographic EBSD technique [174,177]."
image_0024,25,../02_images/figures/image_0024.jpg,"The crosses indicate the initial orientation. CD, cross direction; BD, bending direction.",5,0.340595,0.290595,low,paper::sent::795,text_item,A 23 µm long single-crystalline copper nanowire was produced by focused ion beam fabrication (FIB) [176].
image_0025,26,../02_images/figures/image_0025.jpg,(a) Measured lattice rotation about [11-2],1,0.368145,0.318145,low,paper::sent::844,text_item,This example presents the use of a dislocation-based constitutive model to incorporate the mechanical interaction between mobile dislocations and grain boundaries into the CPFE framework.
image_0025,26,../02_images/figures/image_0025.jpg,(a) Measured lattice rotation about [11-2],2,0.341812,0.291812,low,paper::sent::843,text_item,"A similar approach where conventional viscoplastic hardening rules were replaced by dislocation density evolution laws including also GNDs was suggested by Ma et al. [2325,404]."
image_0025,26,../02_images/figures/image_0025.jpg,(a) Measured lattice rotation about [11-2],3,0.34152,0.29152,low,paper::sent::842,text_item,"The results do not only yield reasonable mechanical stressstrain response for the differently oriented crystals, but also provided insight about the development of the dislocation structure responsible for the respective plastic behavior observed."
image_0025,26,../02_images/figures/image_0025.jpg,(a) Measured lattice rotation about [11-2],4,0.340941,0.290941,low,paper::sent::859,text_item,"The partial success of the simulation with the empirical viscoplastic hardening law in the case of the high-angle grain boundary is attributed to the strong effect of the change in the Schmid factor across the interface, i.e. kinematic effects prevail over dislocation density effects in this case."
image_0025,26,../02_images/figures/image_0025.jpg,(a) Measured lattice rotation about [11-2],5,0.338263,0.288263,low,paper::sent::815,text_item,Application of a non-local dislocation model including GNDs to shear tests of aluminum single crystals
image_0026,27,../02_images/figures/image_0026.jpg,"(b) Simulated lattice rotation about [11-2]; experiment and simulation (positive values indicate counter-clockwise rotation) [171,174,177].",1,0.3546,0.3046,low,paper::sent::844,text_item,This example presents the use of a dislocation-based constitutive model to incorporate the mechanical interaction between mobile dislocations and grain boundaries into the CPFE framework.
image_0026,27,../02_images/figures/image_0026.jpg,"(b) Simulated lattice rotation about [11-2]; experiment and simulation (positive values indicate counter-clockwise rotation) [171,174,177].",2,0.341891,0.291891,low,paper::sent::859,text_item,"The partial success of the simulation with the empirical viscoplastic hardening law in the case of the high-angle grain boundary is attributed to the strong effect of the change in the Schmid factor across the interface, i.e. kinematic effects prevail over dislocation density effects in this case."
image_0026,27,../02_images/figures/image_0026.jpg,"(b) Simulated lattice rotation about [11-2]; experiment and simulation (positive values indicate counter-clockwise rotation) [171,174,177].",3,0.341319,0.291319,low,paper::sent::842,text_item,"The results do not only yield reasonable mechanical stressstrain response for the differently oriented crystals, but also provided insight about the development of the dislocation structure responsible for the respective plastic behavior observed."
image_0026,27,../02_images/figures/image_0026.jpg,"(b) Simulated lattice rotation about [11-2]; experiment and simulation (positive values indicate counter-clockwise rotation) [171,174,177].",4,0.336988,0.286988,low,paper::sent::815,text_item,Application of a non-local dislocation model including GNDs to shear tests of aluminum single crystals
image_0026,27,../02_images/figures/image_0026.jpg,"(b) Simulated lattice rotation about [11-2]; experiment and simulation (positive values indicate counter-clockwise rotation) [171,174,177].",5,0.333468,0.283468,low,paper::sent::845,text_item,The approach is based on the introduction of an additional activation energy into the rate equation for mobile dislocations in the vicinity of grain boundaries.
image_0027,28,../02_images/figures/image_0027.jpg,"Fig. 28. Comparison of the von Mises equivalent strain on the surface of an aluminum single crystal (3.1 mm long, 2.0 mm thick and 2.2 mm high) for a simple shear test. The left column shows experimental results obtained by strain measurements via digital image correlation (DIC). The central column shows results obtained by using a conventional viscoplastic formulation. The right column shows results obtained by using an enhanced non-local model (see Section 4.3) which considers GNDs.",1,0.536534,0.286534,high,paper::sent::850,text_item,The constitutive parameters were fitted by using the stress— strain response of a single-crystal simple shear test illustrated in Figs. 28 and 29.
image_0027,28,../02_images/figures/image_0027.jpg,"Fig. 28. Comparison of the von Mises equivalent strain on the surface of an aluminum single crystal (3.1 mm long, 2.0 mm thick and 2.2 mm high) for a simple shear test. The left column shows experimental results obtained by strain measurements via digital image correlation (DIC). The central column shows results obtained by using a conventional viscoplastic formulation. The right column shows results obtained by using an enhanced non-local model (see Section 4.3) which considers GNDs.",2,0.494746,0.294746,high,paper::sent::817,text_item,"The predictions of this non-local model were compared to simple shear experiments on commercially pure aluminum single crystals and to conventional viscoplastic CPFE simulations (Fig. 28) [24,98,406]."
image_0027,28,../02_images/figures/image_0027.jpg,"Fig. 28. Comparison of the von Mises equivalent strain on the surface of an aluminum single crystal (3.1 mm long, 2.0 mm thick and 2.2 mm high) for a simple shear test. The left column shows experimental results obtained by strain measurements via digital image correlation (DIC). The central column shows results obtained by using a conventional viscoplastic formulation. The right column shows results obtained by using an enhanced non-local model (see Section 4.3) which considers GNDs.",3,0.370665,0.320665,low,paper::sent::859,text_item,"The partial success of the simulation with the empirical viscoplastic hardening law in the case of the high-angle grain boundary is attributed to the strong effect of the change in the Schmid factor across the interface, i.e. kinematic effects prevail over dislocation density effects in this case."
image_0027,28,../02_images/figures/image_0027.jpg,"Fig. 28. Comparison of the von Mises equivalent strain on the surface of an aluminum single crystal (3.1 mm long, 2.0 mm thick and 2.2 mm high) for a simple shear test. The left column shows experimental results obtained by strain measurements via digital image correlation (DIC). The central column shows results obtained by using a conventional viscoplastic formulation. The right column shows results obtained by using an enhanced non-local model (see Section 4.3) which considers GNDs.",4,0.365897,0.315897,low,paper::sent::862,text_item,This work demonstrates very nicely the far reaching effect of a grain boundary causing substantial deformation heterogeneity in the grain interior.
image_0027,28,../02_images/figures/image_0027.jpg,"Fig. 28. Comparison of the von Mises equivalent strain on the surface of an aluminum single crystal (3.1 mm long, 2.0 mm thick and 2.2 mm high) for a simple shear test. The left column shows experimental results obtained by strain measurements via digital image correlation (DIC). The central column shows results obtained by using a conventional viscoplastic formulation. The right column shows results obtained by using an enhanced non-local model (see Section 4.3) which considers GNDs.",5,0.361089,0.311089,low,paper::sent::844,text_item,This example presents the use of a dislocation-based constitutive model to incorporate the mechanical interaction between mobile dislocations and grain boundaries into the CPFE framework.
chart_0028,29,../02_images/figures/chart_0028.jpg,"Fig. 29. Simulated shear stressstrain curves for samples with different height-to-length ratios, demonstrating the size sensitivity of the non-local dislocation model.",1,0.573715,0.323715,high,paper::sent::826,text_item,The resulting shear stressshear strain curves are shown in Fig. 29.
chart_0028,29,../02_images/figures/chart_0028.jpg,"Fig. 29. Simulated shear stressstrain curves for samples with different height-to-length ratios, demonstrating the size sensitivity of the non-local dislocation model.",2,0.555031,0.305031,high,paper::sent::832,text_item,This results in an intersection of the stress-strain curves for $H = H _ { 0 }$ and $H = H _ { 0 } / 2$ in Fig. 29.
chart_0028,29,../02_images/figures/chart_0028.jpg,"Fig. 29. Simulated shear stressstrain curves for samples with different height-to-length ratios, demonstrating the size sensitivity of the non-local dislocation model.",3,0.372398,0.322398,low,paper::sent::824,text_item,"Therefore, the shear simulation presented above was repeated for a set of three cases which were characterized by different height-to-length ratios."
chart_0028,29,../02_images/figures/chart_0028.jpg,"Fig. 29. Simulated shear stressstrain curves for samples with different height-to-length ratios, demonstrating the size sensitivity of the non-local dislocation model.",4,0.358969,0.358969,low,paper::sent::83,text_item,Average lath length for $3 0 ^ { \circ }$ specimens is less than for $0 ^ { \circ }$ and 90° in both the bulk and edge regions.
chart_0028,29,../02_images/figures/chart_0028.jpg,"Fig. 29. Simulated shear stressstrain curves for samples with different height-to-length ratios, demonstrating the size sensitivity of the non-local dislocation model.",5,0.355433,0.305433,low,paper::sent::825,text_item,"For this purpose the height H of the sheared sample was changed to one-half and one-tenth of the original height $H _ { 0 } ,$ ,respectively."
chart_0029,30,../02_images/figures/chart_0029.jpg,"F $H { = } H _ { 0 } , H { = } \mathbf { \bar { } } H _ { 0 } / 2$ and $H = H _ { 0 } / 1 0$ (all plots are scaled to the same height for a better comparison), respectively. GND, geometrically necessary dislocation density; SSD, statistically stored dislocation density.; Fig. 31. CPFE simulated and experimentally observed orientation dependence of the stressstrain profile of aluminum single crystals during tensile loading [19].",1,0.558346,0.308346,high,paper::sent::841,text_item,The model was implemented in a CPFE framework to study the polyslip behavior of aluminum single crystals of different initial crystallographic orientation under tensile loading (Fig. 31).
chart_0029,30,../02_images/figures/chart_0029.jpg,"F $H { = } H _ { 0 } , H { = } \mathbf { \bar { } } H _ { 0 } / 2$ and $H = H _ { 0 } / 1 0$ (all plots are scaled to the same height for a better comparison), respectively. GND, geometrically necessary dislocation density; SSD, statistically stored dislocation density.; Fig. 31. CPFE simulated and experimentally observed orientation dependence of the stressstrain profile of aluminum single crystals during tensile loading [19].",2,0.479317,0.279317,high,paper::sent::234,text_item,"Atomic-resolution STEM-HAADF images of one of the 1-5 nm precipitates more clearly show ordered bright and dim {110} planes, corresponding with L12 coherent precipitates (Figure 31)."
chart_0029,30,../02_images/figures/chart_0029.jpg,"F $H { = } H _ { 0 } , H { = } \mathbf { \bar { } } H _ { 0 } / 2$ and $H = H _ { 0 } / 1 0$ (all plots are scaled to the same height for a better comparison), respectively. GND, geometrically necessary dislocation density; SSD, statistically stored dislocation density.; Fig. 31. CPFE simulated and experimentally observed orientation dependence of the stressstrain profile of aluminum single crystals during tensile loading [19].",3,0.372468,0.322468,low,paper::sent::871,text_item,Zhao et al. [32] conducted a study of plastic strain localization and deformation-induced surface roughening in an aluminum polycrystal consisting of a small set of coarse grains (oligocrystal).
chart_0029,30,../02_images/figures/chart_0029.jpg,"F $H { = } H _ { 0 } , H { = } \mathbf { \bar { } } H _ { 0 } / 2$ and $H = H _ { 0 } / 1 0$ (all plots are scaled to the same height for a better comparison), respectively. GND, geometrically necessary dislocation density; SSD, statistically stored dislocation density.; Fig. 31. CPFE simulated and experimentally observed orientation dependence of the stressstrain profile of aluminum single crystals during tensile loading [19].",4,0.363122,0.363122,low,paper::sent::294,md_body,"Dunand, Transformation superplasticity of super α2 titanium aluminide, Acta Mater. 46 (16) (1998) 56635675, https://doi.org/10.1016/ S1359-6454(98)00252-3."
chart_0029,30,../02_images/figures/chart_0029.jpg,"F $H { = } H _ { 0 } , H { = } \mathbf { \bar { } } H _ { 0 } / 2$ and $H = H _ { 0 } / 1 0$ (all plots are scaled to the same height for a better comparison), respectively. GND, geometrically necessary dislocation density; SSD, statistically stored dislocation density.; Fig. 31. CPFE simulated and experimentally observed orientation dependence of the stressstrain profile of aluminum single crystals during tensile loading [19].",5,0.360541,0.360541,low,paper::sent::422,md_body,"Seidman, Criteria for developing castable, creepresistant aluminum-based alloys - A review, Int."
image_0030,31,../02_images/figures/image_0030.jpg,"low angle grain boundary 7.4°; Fig. 32. Simple shear test of a bicrystal with a 7.4° low-angle grain boundary (3.1 mm long, 2.0 mm thick and 2.2 mm high). Comparison of the von Mises strain patterns as obtained from the experiment via digital image correlation (DIC, left column), from the simulation with a conventional viscoplastic constitutive law (central column), and from the simulation which uses an advanced dislocation-based non-local model (see Section 4.3) (right column).",1,0.36932,0.31932,low,paper::sent::862,text_item,This work demonstrates very nicely the far reaching effect of a grain boundary causing substantial deformation heterogeneity in the grain interior.
image_0030,31,../02_images/figures/image_0030.jpg,"low angle grain boundary 7.4°; Fig. 32. Simple shear test of a bicrystal with a 7.4° low-angle grain boundary (3.1 mm long, 2.0 mm thick and 2.2 mm high). Comparison of the von Mises strain patterns as obtained from the experiment via digital image correlation (DIC, left column), from the simulation with a conventional viscoplastic constitutive law (central column), and from the simulation which uses an advanced dislocation-based non-local model (see Section 4.3) (right column).",2,0.363013,0.313013,low,paper::sent::878,text_item,"Particular attention in the analysis is placed on the ability of the CPFE model to capture the fine details of the surface roughening effects, orientation-dependent strain localization, and the pattern of activation of slip systems in the grains."
image_0030,31,../02_images/figures/image_0030.jpg,"low angle grain boundary 7.4°; Fig. 32. Simple shear test of a bicrystal with a 7.4° low-angle grain boundary (3.1 mm long, 2.0 mm thick and 2.2 mm high). Comparison of the von Mises strain patterns as obtained from the experiment via digital image correlation (DIC, left column), from the simulation with a conventional viscoplastic constitutive law (central column), and from the simulation which uses an advanced dislocation-based non-local model (see Section 4.3) (right column).",3,0.352582,0.302582,low,paper::sent::891,text_item,Such combined methods can predict microstructures and texture evolution during thermomechanical treatment.
image_0030,31,../02_images/figures/image_0030.jpg,"low angle grain boundary 7.4°; Fig. 32. Simple shear test of a bicrystal with a 7.4° low-angle grain boundary (3.1 mm long, 2.0 mm thick and 2.2 mm high). Comparison of the von Mises strain patterns as obtained from the experiment via digital image correlation (DIC, left column), from the simulation with a conventional viscoplastic constitutive law (central column), and from the simulation which uses an advanced dislocation-based non-local model (see Section 4.3) (right column).",4,0.351403,0.301403,low,paper::sent::871,text_item,Zhao et al. [32] conducted a study of plastic strain localization and deformation-induced surface roughening in an aluminum polycrystal consisting of a small set of coarse grains (oligocrystal).
image_0030,31,../02_images/figures/image_0030.jpg,"low angle grain boundary 7.4°; Fig. 32. Simple shear test of a bicrystal with a 7.4° low-angle grain boundary (3.1 mm long, 2.0 mm thick and 2.2 mm high). Comparison of the von Mises strain patterns as obtained from the experiment via digital image correlation (DIC, left column), from the simulation with a conventional viscoplastic constitutive law (central column), and from the simulation which uses an advanced dislocation-based non-local model (see Section 4.3) (right column).",5,0.348401,0.298401,low,paper::sent::888,text_item,"In particular, the landmark paper of Beaudoin et al. [110] motivated further investigations on in-grain orientation scatter (grain fragmentation) and corresponding approaches to classify grains according to their kinematic stability upon loading."
image_0031,32,../02_images/figures/image_0031.jpg,"intermediate angle grain boundary 15.9°; Fig. 33. Simple shear test of a bicrystal with a 15.9° intermediate-angle grain boundary (3.1 mm long, 2.0 mm thick and 2.2 mm high). Comparison of the von Mises strain patterns as obtained from the experiment via digital image correlation (DIC, left column), from the simulation with a conventional viscoplastic constitutive law (central column), and from the simulation which uses an advanced dislocation-based non-local model (see Section 4.3) (right column).",1,0.368994,0.318994,low,paper::sent::862,text_item,This work demonstrates very nicely the far reaching effect of a grain boundary causing substantial deformation heterogeneity in the grain interior.
image_0031,32,../02_images/figures/image_0031.jpg,"intermediate angle grain boundary 15.9°; Fig. 33. Simple shear test of a bicrystal with a 15.9° intermediate-angle grain boundary (3.1 mm long, 2.0 mm thick and 2.2 mm high). Comparison of the von Mises strain patterns as obtained from the experiment via digital image correlation (DIC, left column), from the simulation with a conventional viscoplastic constitutive law (central column), and from the simulation which uses an advanced dislocation-based non-local model (see Section 4.3) (right column).",2,0.36023,0.31023,low,paper::sent::878,text_item,"Particular attention in the analysis is placed on the ability of the CPFE model to capture the fine details of the surface roughening effects, orientation-dependent strain localization, and the pattern of activation of slip systems in the grains."
image_0031,32,../02_images/figures/image_0031.jpg,"intermediate angle grain boundary 15.9°; Fig. 33. Simple shear test of a bicrystal with a 15.9° intermediate-angle grain boundary (3.1 mm long, 2.0 mm thick and 2.2 mm high). Comparison of the von Mises strain patterns as obtained from the experiment via digital image correlation (DIC, left column), from the simulation with a conventional viscoplastic constitutive law (central column), and from the simulation which uses an advanced dislocation-based non-local model (see Section 4.3) (right column).",3,0.349312,0.299312,low,paper::sent::891,text_item,Such combined methods can predict microstructures and texture evolution during thermomechanical treatment.
image_0031,32,../02_images/figures/image_0031.jpg,"intermediate angle grain boundary 15.9°; Fig. 33. Simple shear test of a bicrystal with a 15.9° intermediate-angle grain boundary (3.1 mm long, 2.0 mm thick and 2.2 mm high). Comparison of the von Mises strain patterns as obtained from the experiment via digital image correlation (DIC, left column), from the simulation with a conventional viscoplastic constitutive law (central column), and from the simulation which uses an advanced dislocation-based non-local model (see Section 4.3) (right column).",4,0.347918,0.297918,low,paper::sent::890,text_item,"In this section we present approaches for predicting primary static recrystallization and related grain-coarsening phenomena by combining CPFE simulations with Monte Carlo, cellular automaton or network models [148,155,156, 159,162,163,407]."
image_0031,32,../02_images/figures/image_0031.jpg,"intermediate angle grain boundary 15.9°; Fig. 33. Simple shear test of a bicrystal with a 15.9° intermediate-angle grain boundary (3.1 mm long, 2.0 mm thick and 2.2 mm high). Comparison of the von Mises strain patterns as obtained from the experiment via digital image correlation (DIC, left column), from the simulation with a conventional viscoplastic constitutive law (central column), and from the simulation which uses an advanced dislocation-based non-local model (see Section 4.3) (right column).",5,0.346148,0.296148,low,paper::sent::893,text_item,Bate [155] assumed that the von Mises stress obtained from a CPFE bicrystal model is linearly related to the substructure density in deformed metals that undergo extensive dynamic recovery.
image_0032,33,../02_images/figures/image_0032.jpg,"large angle grain boundary 33.2°; Fig. 34. Simple shear test of a bicrystal with a 33.2° high-angle grain boundary (3.1 mm long, 2.0 mm thick and 2.2 mm high). Comparison of the von Mises strain patterns as obtained from the experiment via digital image correlation (DIC, left column), from the simulation with a conventional viscoplastic constitutive law (central column), and from the simulation which uses an advanced dislocation-based non-local model (see Section 4.3) (right column).",1,0.488587,0.288587,high,paper::sent::858,text_item,"For the bicrystal with the high-angle grain boundary (Fig. 34), the empirical (local) model is capable of predicting some, although not all, characteristics of the strain separation between the two crystals."
image_0032,33,../02_images/figures/image_0032.jpg,"large angle grain boundary 33.2°; Fig. 34. Simple shear test of a bicrystal with a 33.2° high-angle grain boundary (3.1 mm long, 2.0 mm thick and 2.2 mm high). Comparison of the von Mises strain patterns as obtained from the experiment via digital image correlation (DIC, left column), from the simulation with a conventional viscoplastic constitutive law (central column), and from the simulation which uses an advanced dislocation-based non-local model (see Section 4.3) (right column).",2,0.357768,0.307768,low,paper::sent::910,text_item,According to this model nucleation takes place in areas which reveal high misorientations among neighboring subgrains and a high local driving force for curvature-driven discontinuous subgrain coarsening.
image_0032,33,../02_images/figures/image_0032.jpg,"large angle grain boundary 33.2°; Fig. 34. Simple shear test of a bicrystal with a 33.2° high-angle grain boundary (3.1 mm long, 2.0 mm thick and 2.2 mm high). Comparison of the von Mises strain patterns as obtained from the experiment via digital image correlation (DIC, left column), from the simulation with a conventional viscoplastic constitutive law (central column), and from the simulation which uses an advanced dislocation-based non-local model (see Section 4.3) (right column).",3,0.355157,0.305157,low,paper::sent::891,text_item,Such combined methods can predict microstructures and texture evolution during thermomechanical treatment.
image_0032,33,../02_images/figures/image_0032.jpg,"large angle grain boundary 33.2°; Fig. 34. Simple shear test of a bicrystal with a 33.2° high-angle grain boundary (3.1 mm long, 2.0 mm thick and 2.2 mm high). Comparison of the von Mises strain patterns as obtained from the experiment via digital image correlation (DIC, left column), from the simulation with a conventional viscoplastic constitutive law (central column), and from the simulation which uses an advanced dislocation-based non-local model (see Section 4.3) (right column).",4,0.350827,0.300827,low,paper::sent::878,text_item,"Particular attention in the analysis is placed on the ability of the CPFE model to capture the fine details of the surface roughening effects, orientation-dependent strain localization, and the pattern of activation of slip systems in the grains."
image_0032,33,../02_images/figures/image_0032.jpg,"large angle grain boundary 33.2°; Fig. 34. Simple shear test of a bicrystal with a 33.2° high-angle grain boundary (3.1 mm long, 2.0 mm thick and 2.2 mm high). Comparison of the von Mises strain patterns as obtained from the experiment via digital image correlation (DIC, left column), from the simulation with a conventional viscoplastic constitutive law (central column), and from the simulation which uses an advanced dislocation-based non-local model (see Section 4.3) (right column).",5,0.348435,0.298435,low,paper::sent::902,text_item,Raabe and Becker used a method in which the results of a CPFE simulation serve as a starting microstructure for a subsequent discrete cellular automaton recrystallization simulation.
chart_0033,34,../02_images/figures/chart_0033.jpg,showing a closer agreement with experimental data.,1,0.371752,0.321752,low,paper::sent::910,text_item,According to this model nucleation takes place in areas which reveal high misorientations among neighboring subgrains and a high local driving force for curvature-driven discontinuous subgrain coarsening.
chart_0033,34,../02_images/figures/chart_0033.jpg,showing a closer agreement with experimental data.,2,0.363025,0.313025,low,paper::sent::878,text_item,"Particular attention in the analysis is placed on the ability of the CPFE model to capture the fine details of the surface roughening effects, orientation-dependent strain localization, and the pattern of activation of slip systems in the grains."
chart_0033,34,../02_images/figures/chart_0033.jpg,showing a closer agreement with experimental data.,3,0.357681,0.357681,low,paper::sent::53,text_item,"A tensile curve for conventional high-strength pure copper with a grain size (- 400 nm, Methods) similar to that of Cu-12%-ANP is presented for comparison."
chart_0033,34,../02_images/figures/chart_0033.jpg,showing a closer agreement with experimental data.,4,0.354239,0.354239,low,paper::sent::255,text_item,"However, further increases in austenite fraction do not improve ductility (at 580 C)."
chart_0033,34,../02_images/figures/chart_0033.jpg,showing a closer agreement with experimental data.,5,0.35291,0.30291,low,paper::sent::893,text_item,Bate [155] assumed that the von Mises stress obtained from a CPFE bicrystal model is linearly related to the substructure density in deformed metals that undergo extensive dynamic recovery.
image_0034,35,../02_images/figures/image_0034.jpg,small assembly of coarse grains (oligocrystal) [32].,1,0.341436,0.291436,low,paper::sent::891,text_item,Such combined methods can predict microstructures and texture evolution during thermomechanical treatment.
image_0034,35,../02_images/figures/image_0034.jpg,small assembly of coarse grains (oligocrystal) [32].,2,0.340723,0.290723,low,paper::sent::899,text_item,There are some high-angle boundaries associated with the deformation inhomogeneity in the upper grain.
image_0034,35,../02_images/figures/image_0034.jpg,small assembly of coarse grains (oligocrystal) [32].,3,0.339707,0.289707,low,paper::sent::892,text_item,The advantage of the approach is that they consider the material heterogeneity of the deformation microstructure and recrystallization phenomena as opposed to classical statistical approaches which are based on the assumption of material homogeneity.
image_0034,35,../02_images/figures/image_0034.jpg,small assembly of coarse grains (oligocrystal) [32].,4,0.338998,0.288998,low,paper::sent::910,text_item,According to this model nucleation takes place in areas which reveal high misorientations among neighboring subgrains and a high local driving force for curvature-driven discontinuous subgrain coarsening.
image_0034,35,../02_images/figures/image_0034.jpg,small assembly of coarse grains (oligocrystal) [32].,5,0.33344,0.28344,low,paper::sent::918,text_item,"The purpose of the present simulation is to study the TRIP effect as a function of crystallographic orientations, i.e. the orientation of the austenitic and ferritic grains with respect to the applied load as well as the orientation mismatch between neighboring grains."
image_0035,36,../02_images/figures/image_0035.jpg,Fig. 37. Simulation of Beaudoin et al. of a grain cluster consisting originally of S-oriented crystals (fcc). Results are shown after a thickness reduction of 85%: (a) section with stable S orientations; (b) section with cube bands. Images are scaled by a factor of 10 in the thickness (N) direction [1 10].,1,0.513504,0.263504,high,paper::sent::889,text_item,"The aim of these works was to systematically learn which types of grains (texture components) tend to build up large orientation gradients under certain loading states [92,117] (Fig. 37)."
image_0035,36,../02_images/figures/image_0035.jpg,Fig. 37. Simulation of Beaudoin et al. of a grain cluster consisting originally of S-oriented crystals (fcc). Results are shown after a thickness reduction of 85%: (a) section with stable S orientations; (b) section with cube bands. Images are scaled by a factor of 10 in the thickness (N) direction [1 10].,2,0.363562,0.313562,low,paper::sent::907,text_item,High-angle grain boundaries were characterized by an activation energy for the mobility of 1.3 eV.
image_0035,36,../02_images/figures/image_0035.jpg,Fig. 37. Simulation of Beaudoin et al. of a grain cluster consisting originally of S-oriented crystals (fcc). Results are shown after a thickness reduction of 85%: (a) section with stable S orientations; (b) section with cube bands. Images are scaled by a factor of 10 in the thickness (N) direction [1 10].,3,0.359976,0.309976,low,paper::sent::910,text_item,According to this model nucleation takes place in areas which reveal high misorientations among neighboring subgrains and a high local driving force for curvature-driven discontinuous subgrain coarsening.
image_0035,36,../02_images/figures/image_0035.jpg,Fig. 37. Simulation of Beaudoin et al. of a grain cluster consisting originally of S-oriented crystals (fcc). Results are shown after a thickness reduction of 85%: (a) section with stable S orientations; (b) section with cube bands. Images are scaled by a factor of 10 in the thickness (N) direction [1 10].,4,0.356324,0.306324,low,paper::sent::911,text_item,"The present simulation approach works above the subgrain scale, i.e. it does not explicitly describe cell walls and subgrain coarsening phenomena such as the approach of Bate [155]."
image_0035,36,../02_images/figures/image_0035.jpg,Fig. 37. Simulation of Beaudoin et al. of a grain cluster consisting originally of S-oriented crystals (fcc). Results are shown after a thickness reduction of 85%: (a) section with stable S orientations; (b) section with cube bands. Images are scaled by a factor of 10 in the thickness (N) direction [1 10].,5,0.350591,0.300591,low,paper::sent::894,text_item,From the CPFE results he constructed a cell structure and used it as input to a 2-D network model for recrystallization simulation.
image_0036,37,../02_images/figures/image_0036.jpg,stored energy map: max. 1MPa,1,0.297597,0.247597,low,paper::sent::900,text_item,"At the later stage, considerable strain-induced boundary migration has occurred."
image_0036,37,../02_images/figures/image_0036.jpg,stored energy map: max. 1MPa,2,0.287131,0.287131,low,paper::sent::231,text_item,"However, due to the precipitation of B2 phase, the role of precipitation strengthening is increasing."
image_0036,37,../02_images/figures/image_0036.jpg,stored energy map: max. 1MPa,3,0.286532,0.236532,low,paper::sent::906,text_item,The maximum driving force in the region arising from the stored dislocation density was about 1 MPa.
image_0036,37,../02_images/figures/image_0036.jpg,stored energy map: max. 1MPa,4,0.284106,0.284106,low,paper::sent::27,text_item,"However, the control over the CG region in the upper melt pool remains less effective [9,18,19]."
image_0036,37,../02_images/figures/image_0036.jpg,stored energy map: max. 1MPa,5,0.282551,0.232551,low,paper::sent::923,text_item,The applied boundary conditions correspond to an axial straining rate of $1 0 ^ { - 4 } \mathrm { s } ^ { - 1 }$ .
image_0037,38,../02_images/figures/image_0037.jpg,(c); Fi density (threshold value).,1,0.33175,0.28175,low,paper::sent::910,text_item,According to this model nucleation takes place in areas which reveal high misorientations among neighboring subgrains and a high local driving force for curvature-driven discontinuous subgrain coarsening.
image_0037,38,../02_images/figures/image_0037.jpg,(c); Fi density (threshold value).,2,0.319195,0.269195,low,paper::sent::900,text_item,"At the later stage, considerable strain-induced boundary migration has occurred."
image_0037,38,../02_images/figures/image_0037.jpg,(c); Fi density (threshold value).,3,0.316984,0.266984,low,paper::sent::899,text_item,There are some high-angle boundaries associated with the deformation inhomogeneity in the upper grain.
image_0037,38,../02_images/figures/image_0037.jpg,(c); Fi density (threshold value).,4,0.316153,0.266153,low,paper::sent::934,text_item,"This is in agreement with experimental observations for TRIP steels (see e.g. [409,410])."
image_0037,38,../02_images/figures/image_0037.jpg,(c); Fi density (threshold value).,5,0.31094,0.26094,low,paper::sent::906,text_item,The maximum driving force in the region arising from the stored dislocation density was about 1 MPa.
image_0038,39,../02_images/figures/image_0038.jpg,F misorientation of more than $1 5 ^ { \circ } [ 1 \dot { 6 } 2 ]$,1,0.351374,0.301374,low,paper::sent::927,text_item,"In the simulations, four TRIP steel microstructures with different austenitic and ferritic crystallographic orientations (textures) are considered, namely (1)"
image_0038,39,../02_images/figures/image_0038.jpg,F misorientation of more than $1 5 ^ { \circ } [ 1 \dot { 6 } 2 ]$,2,0.345999,0.295999,low,paper::sent::958,text_item,The goal of the first example is to investigate the dependence of the rolling texture evolution of two β-TiNb binary alloys on the elastic properties.
image_0038,39,../02_images/figures/image_0038.jpg,F misorientation of more than $1 5 ^ { \circ } [ 1 \dot { 6 } 2 ]$,3,0.342053,0.292053,low,paper::sent::917,text_item,The mechanical behavior of a TRIP-assisted steel is simulated for an uniaxially loaded sample composed of a single austenitic grain surrounded by a matrix of ferritic grains.
image_0038,39,../02_images/figures/image_0038.jpg,F misorientation of more than $1 5 ^ { \circ } [ 1 \dot { 6 } 2 ]$,4,0.333377,0.283377,low,paper::sent::948,text_item,Using elastic constants from ab initio simulations for predicting textures and texture-dependent elastic properties of β-Ti
image_0038,39,../02_images/figures/image_0038.jpg,F misorientation of more than $1 5 ^ { \circ } [ 1 \dot { 6 } 2 ]$,5,0.329926,0.279926,low,paper::sent::954,text_item,"A particular advantage of using an FEM-based method rather than an analytical or semianalytical approach for obtaining the polycrystal stiffness from corresponding ab initio single crystal data is that it allows one to consider any kind of crystallographic texture, including also intra- or in-grain interactions."
chart_0039,40,../02_images/figures/chart_0039.jpg,(b); consisting of an austenitic grain embedded in a ferritic matrix.,1,0.39,0.34,low,paper::sent::946,text_item,"Thus, damage developed in response to a nearby local strain concentration at the left edge of grain 14, where strain transfer across a grain boundary some distance from the strain concentration led to weakening of the boundary."
chart_0039,40,../02_images/figures/chart_0039.jpg,(b); consisting of an austenitic grain embedded in a ferritic matrix.,2,0.380641,0.330641,low,paper::sent::931,text_item,"Furthermore, samples containing a $[ 1 1 1 ] _ { \mathrm { A } }$ -loaded austenitic grain give a relatively high initial yield stress in comparison to the corresponding samples with a $[ 1 0 0 ] _ { \mathrm { A } }$ -loaded austenitic grain."
chart_0039,40,../02_images/figures/chart_0039.jpg,(b); consisting of an austenitic grain embedded in a ferritic matrix.,3,0.370331,0.320331,low,paper::sent::939,text_item,The effect of the mismatch between the orientation of the transforming austenitic grain and the surrounding matrix can be quite significant (cf. e.g. samples 3 and 4).
chart_0039,40,../02_images/figures/chart_0039.jpg,(b); consisting of an austenitic grain embedded in a ferritic matrix.,4,0.370302,0.320302,low,paper::sent::973,text_item,This means that local elastic loads (hot spots) among neighboring grains become more frequent as the elastic anisotropy increases.
chart_0039,40,../02_images/figures/chart_0039.jpg,(b); consisting of an austenitic grain embedded in a ferritic matrix.,5,0.365898,0.315898,low,paper::sent::970,text_item,"The two diagrams present the distribution of the equivalent elastic stress and strain values in a randomly textured polycrystalline aggregate consisting of 200 grains and $3 2 \times 3 2 \times 3 2$ elements for three different elastic tensors (magnitude, anisotropy) of three β-Ti alloys."
image_0040,41,../02_images/figures/image_0040.jpg,"Fig. 43. Microcracks arising from twin interactions with a grain boundary in TiAl. Ellpses represent tilted unit circles on slip planes identified by poles, with slip or twinning vectors as indicated, with shaded half below the surface. Schmid factors are based upon the global (vertical) stress direction. The surrounding microstructure was modeled using CPFE.",1,0.571254,0.321254,high,paper::sent::942,text_item,Preliminary CPFE modeling (using phenomenological hardening relationships) of one of the microstructures used to develop the fip showed greatly enhanced activation of the secondary twining system responsible for the observed microcrack where it occurred (see Figs. 43 and 44).
image_0040,41,../02_images/figures/image_0040.jpg,"Fig. 43. Microcracks arising from twin interactions with a grain boundary in TiAl. Ellpses represent tilted unit circles on slip planes identified by poles, with slip or twinning vectors as indicated, with shaded half below the surface. Schmid factors are based upon the global (vertical) stress direction. The surrounding microstructure was modeled using CPFE.",2,0.379326,0.329326,low,paper::sent::954,text_item,"A particular advantage of using an FEM-based method rather than an analytical or semianalytical approach for obtaining the polycrystal stiffness from corresponding ab initio single crystal data is that it allows one to consider any kind of crystallographic texture, including also intra- or in-grain interactions."
image_0040,41,../02_images/figures/image_0040.jpg,"Fig. 43. Microcracks arising from twin interactions with a grain boundary in TiAl. Ellpses represent tilted unit circles on slip planes identified by poles, with slip or twinning vectors as indicated, with shaded half below the surface. Schmid factors are based upon the global (vertical) stress direction. The surrounding microstructure was modeled using CPFE.",3,0.37215,0.37215,low,paper::sent::173,text_item,"The corresponding FFT pattern reveals stacking faults habit plane is (001). e An inverse FFT image masking circled diffraction spots shows lattice distortion around stacking faults with some additional half planes, indicating the existence of dislocations. f An HRTEM micrograph for the Al9(Fe,Co,Ni)2 particle in (b) slightly off the pillar top with planar defects."
image_0040,41,../02_images/figures/image_0040.jpg,"Fig. 43. Microcracks arising from twin interactions with a grain boundary in TiAl. Ellpses represent tilted unit circles on slip planes identified by poles, with slip or twinning vectors as indicated, with shaded half below the surface. Schmid factors are based upon the global (vertical) stress direction. The surrounding microstructure was modeled using CPFE.",4,0.363745,0.363745,low,paper::sent::65,text_item,"Microstructural observation using the electron backscatter diffraction pattern analysis in the scanning electron microscopy (SEM-EBSD), it was confirmed that the $\beta$ phases exist mostly near the surface region in the fabricated samples where rapid solidification occurred, and it was hardly seen in the central part of the prepared samples where the mechanical properties were examined in the following sections."
image_0040,41,../02_images/figures/image_0040.jpg,"Fig. 43. Microcracks arising from twin interactions with a grain boundary in TiAl. Ellpses represent tilted unit circles on slip planes identified by poles, with slip or twinning vectors as indicated, with shaded half below the surface. Schmid factors are based upon the global (vertical) stress direction. The surrounding microstructure was modeled using CPFE.",5,0.362688,0.312688,low,paper::sent::945,text_item,The twinning system responsible for the crack appeared to geometrically accommodate a strain concentration that occurred on the other (upper left) side of grain 14.
image_0041,42,../02_images/figures/image_0041.jpg,"Fig. 45. $\varphi _ { 2 } = 4 5 ^ { \circ }$ sections of the orientation distribution functions obtained for deformation texture simulations of two β-TiNb binary alloys to various strains (given in terms of the engineering thickness reduction) using two different sets of elastic constants. Top row: Young's modulus surface diagram of Ti18 at.%Nb (left) and Ti31 at.%Nb (right). The Zener ratio is defined as $2 C _ { 4 4 } / ( C _ { 1 1 } - C _ { 1 2 } )$ . Units for the modulus surface plots are in GPa. Units for the textures are in orientation densities, f(g).",1,0.505449,0.305449,high,paper::sent::967,text_item,Fig. 45 shows the predicted crystallographic textures in terms of a set of $\varphi _ { 2 } = 4 5 ^ { \circ }$ sections through Euler space for the two cases.
image_0041,42,../02_images/figures/image_0041.jpg,"Fig. 45. $\varphi _ { 2 } = 4 5 ^ { \circ }$ sections of the orientation distribution functions obtained for deformation texture simulations of two β-TiNb binary alloys to various strains (given in terms of the engineering thickness reduction) using two different sets of elastic constants. Top row: Young's modulus surface diagram of Ti18 at.%Nb (left) and Ti31 at.%Nb (right). The Zener ratio is defined as $2 C _ { 4 4 } / ( C _ { 1 1 } - C _ { 1 2 } )$ . Units for the modulus surface plots are in GPa. Units for the textures are in orientation densities, f(g).",2,0.34703,0.29703,low,paper::sent::1006,text_item,This review showed that the CPFE method offers a comprehensive theoretical approach for the inclusion of micromechanical models and concepts in a unified theory of crystal plasticity including proper boundary condition treatment.
image_0041,42,../02_images/figures/image_0041.jpg,"Fig. 45. $\varphi _ { 2 } = 4 5 ^ { \circ }$ sections of the orientation distribution functions obtained for deformation texture simulations of two β-TiNb binary alloys to various strains (given in terms of the engineering thickness reduction) using two different sets of elastic constants. Top row: Young's modulus surface diagram of Ti18 at.%Nb (left) and Ti31 at.%Nb (right). The Zener ratio is defined as $2 C _ { 4 4 } / ( C _ { 1 1 } - C _ { 1 2 } )$ . Units for the modulus surface plots are in GPa. Units for the textures are in orientation densities, f(g).",3,0.346562,0.296562,low,paper::sent::1020,text_item,"The first one consists in the assembly of virtual polycrystalline (and, if required, multiphase) specimens and the subsequent simulation of their integral response under load."
image_0041,42,../02_images/figures/image_0041.jpg,"Fig. 45. $\varphi _ { 2 } = 4 5 ^ { \circ }$ sections of the orientation distribution functions obtained for deformation texture simulations of two β-TiNb binary alloys to various strains (given in terms of the engineering thickness reduction) using two different sets of elastic constants. Top row: Young's modulus surface diagram of Ti18 at.%Nb (left) and Ti31 at.%Nb (right). The Zener ratio is defined as $2 C _ { 4 4 } / ( C _ { 1 1 } - C _ { 1 2 } )$ . Units for the modulus surface plots are in GPa. Units for the textures are in orientation densities, f(g).",4,0.343752,0.293752,low,paper::sent::1008,text_item,The open questions can be grouped into issues of microstructure patterning; homogenization; physics and statistics behind constitutive models; damage mechanics; multiscale approaches; numerical stability; coupling to experiments; and alternative solution methods for crystal plasticity constitutive models.
image_0041,42,../02_images/figures/image_0041.jpg,"Fig. 45. $\varphi _ { 2 } = 4 5 ^ { \circ }$ sections of the orientation distribution functions obtained for deformation texture simulations of two β-TiNb binary alloys to various strains (given in terms of the engineering thickness reduction) using two different sets of elastic constants. Top row: Young's modulus surface diagram of Ti18 at.%Nb (left) and Ti31 at.%Nb (right). The Zener ratio is defined as $2 C _ { 4 4 } / ( C _ { 1 1 } - C _ { 1 2 } )$ . Units for the modulus surface plots are in GPa. Units for the textures are in orientation densities, f(g).",5,0.341941,0.291941,low,paper::sent::1016,text_item,"These submodels deal with complex deformation mechanisms concerning the details of the interaction among competing deformation carriers, grains and phases at a simplified level."
chart_0042,43,../02_images/figures/chart_0042.jpg,"Fig. 46. Crystal elasticity finite element (CEFE) predictions of the distribution of elastic equivalent stress and strain values in three randomly textured polycrystalline β-Ti alloy aggregates each consisting of 200 grains and $3 2 \times 3 2 \times 3 2$ finite elements. Each polycrystalline aggregate is characterized by a specific elastic tensor which was calculated using ab initio methods. The (nearly) isotropic case yields practically no internal mechanical spread, while the most anisotropic case leads to pronounced local stressstrain concentrations. The samples were subjected to tensile loading (purely elastic).",1,0.451402,0.251402,high,paper::sent::1091,text_item,The results are very similar to the corresponding FE predictions presented in Fig. 46.
chart_0042,43,../02_images/figures/chart_0042.jpg,"Fig. 46. Crystal elasticity finite element (CEFE) predictions of the distribution of elastic equivalent stress and strain values in three randomly textured polycrystalline β-Ti alloy aggregates each consisting of 200 grains and $3 2 \times 3 2 \times 3 2$ finite elements. Each polycrystalline aggregate is characterized by a specific elastic tensor which was calculated using ab initio methods. The (nearly) isotropic case yields practically no internal mechanical spread, while the most anisotropic case leads to pronounced local stressstrain concentrations. The samples were subjected to tensile loading (purely elastic).",2,0.41944,0.21944,high,paper::sent::969,text_item,A second (elastic) example of using ab initio elastic stiffness constants in a CPFE framework is shown in Fig. 46.
chart_0042,43,../02_images/figures/chart_0042.jpg,"Fig. 46. Crystal elasticity finite element (CEFE) predictions of the distribution of elastic equivalent stress and strain values in three randomly textured polycrystalline β-Ti alloy aggregates each consisting of 200 grains and $3 2 \times 3 2 \times 3 2$ finite elements. Each polycrystalline aggregate is characterized by a specific elastic tensor which was calculated using ab initio methods. The (nearly) isotropic case yields practically no internal mechanical spread, while the most anisotropic case leads to pronounced local stressstrain concentrations. The samples were subjected to tensile loading (purely elastic).",3,0.34542,0.34542,low,paper::sent::37,text_item,"Fritzmeier, Walter, Meisels, and Jewett also investigated alloy 903, a FCC FeNi-base precipitation strengthened superalloy [10]."
chart_0042,43,../02_images/figures/chart_0042.jpg,"Fig. 46. Crystal elasticity finite element (CEFE) predictions of the distribution of elastic equivalent stress and strain values in three randomly textured polycrystalline β-Ti alloy aggregates each consisting of 200 grains and $3 2 \times 3 2 \times 3 2$ finite elements. Each polycrystalline aggregate is characterized by a specific elastic tensor which was calculated using ab initio methods. The (nearly) isotropic case yields practically no internal mechanical spread, while the most anisotropic case leads to pronounced local stressstrain concentrations. The samples were subjected to tensile loading (purely elastic).",4,0.32274,0.32274,low,paper::sent::306,md_body,"Tamponi, et al., Fatigue crack initiation and growth in a CrMo steel under hydrogen pressure, Int."
chart_0042,43,../02_images/figures/chart_0042.jpg,"Fig. 46. Crystal elasticity finite element (CEFE) predictions of the distribution of elastic equivalent stress and strain values in three randomly textured polycrystalline β-Ti alloy aggregates each consisting of 200 grains and $3 2 \times 3 2 \times 3 2$ finite elements. Each polycrystalline aggregate is characterized by a specific elastic tensor which was calculated using ab initio methods. The (nearly) isotropic case yields practically no internal mechanical spread, while the most anisotropic case leads to pronounced local stressstrain concentrations. The samples were subjected to tensile loading (purely elastic).",5,0.322681,0.322681,low,paper::sent::28,text_item,"Ci et al. [41] observed a gradual eutectic increase during deposition in DD32 single crystal Ni-base superalloy repaired by DED, leading to cracking and reduced stress rupture properties in the heat-affected zone (HAZ)."
image_0043,44,../02_images/figures/image_0043.jpg,"Fig. 47. Representation of the FE meshes used by Delannay et al. [126]. (a) Initial mesh in the simulation where brick shapes were used. (b) Result of plane-strain compression (periodic boundary conditions, 70% thickness reduction along 3×). (c) Representation of one grain in the simulation as truncated octahedron [126].",1,0.47575,0.27575,high,paper::sent::975,text_item,Delannay et al. [126] tested a set of different simulation approaches for the prediction of texture development and microscopic strain heterogeneity in cold-rolled ultra-lowcarbon and multiphase steels under uniaxial tension (Fig. 47).
image_0043,44,../02_images/figures/image_0043.jpg,"Fig. 47. Representation of the FE meshes used by Delannay et al. [126]. (a) Initial mesh in the simulation where brick shapes were used. (b) Result of plane-strain compression (periodic boundary conditions, 70% thickness reduction along 3×). (c) Representation of one grain in the simulation as truncated octahedron [126].",2,0.35811,0.30811,low,paper::sent::1026,text_item,Examples are nucleation models for deformation twins which are based on cooperatively acting configurations of partial dislocations or the nucleation of martensite plates at shear bands or existing interfaces.
image_0043,44,../02_images/figures/image_0043.jpg,"Fig. 47. Representation of the FE meshes used by Delannay et al. [126]. (a) Initial mesh in the simulation where brick shapes were used. (b) Result of plane-strain compression (periodic boundary conditions, 70% thickness reduction along 3×). (c) Representation of one grain in the simulation as truncated octahedron [126].",3,0.354515,0.304515,low,paper::sent::1014,text_item,It is clear that the microstructure and crystallographic texture of large parts cannot be presented via grain-by-grain maps (e.g. transferred from EBSD data onto a FE mesh).
image_0043,44,../02_images/figures/image_0043.jpg,"Fig. 47. Representation of the FE meshes used by Delannay et al. [126]. (a) Initial mesh in the simulation where brick shapes were used. (b) Result of plane-strain compression (periodic boundary conditions, 70% thickness reduction along 3×). (c) Representation of one grain in the simulation as truncated octahedron [126].",4,0.350774,0.300774,low,paper::sent::1027,text_item,"Furthermore, the degree of plastic deformation of martensite in an austenitic environment is not yet well understood."
image_0043,44,../02_images/figures/image_0043.jpg,"Fig. 47. Representation of the FE meshes used by Delannay et al. [126]. (a) Initial mesh in the simulation where brick shapes were used. (b) Result of plane-strain compression (periodic boundary conditions, 70% thickness reduction along 3×). (c) Representation of one grain in the simulation as truncated octahedron [126].",5,0.35013,0.30013,low,paper::sent::1016,text_item,"These submodels deal with complex deformation mechanisms concerning the details of the interaction among competing deformation carriers, grains and phases at a simplified level."
chart_0044,45,../02_images/figures/chart_0044.jpg,"Fig. 48. Simulations and experimental data of the earing profile (ear height/average height) after cup drawing of a ferritic stainless steel (X6Cr17, AISI 430) with texture gradients. Different cases were simulated: in one case the texture component CPFE used only the texture components observed in the mid-thickness layer of the material as starting texture for all elements (at s = 0). A second simulation used the subsurface texture components (at s = 0.8) as starting texture for all elements. A third simulation used a mixture of mid-thickness texture components (at s = 0.0) for the center element layer (1/3 of all mesh elements) and the subsurface texture components (at s = 0.8) for the two surface element layers (2/3 of all mesh elements). In all cases the mesh consisted of three finite elements across the sheet thickness. Additionally, a Hill 48 yield surface calculation was performed where the coefficients were fitted from experimentally obtained r-values for this sheet.",1,0.448483,0.248483,high,paper::sent::989,text_item,Fig. 48 shows the predicted and the measured earing profiles in terms of the relative ear height (normalized by the average height).
chart_0044,45,../02_images/figures/chart_0044.jpg,"Fig. 48. Simulations and experimental data of the earing profile (ear height/average height) after cup drawing of a ferritic stainless steel (X6Cr17, AISI 430) with texture gradients. Different cases were simulated: in one case the texture component CPFE used only the texture components observed in the mid-thickness layer of the material as starting texture for all elements (at s = 0). A second simulation used the subsurface texture components (at s = 0.8) as starting texture for all elements. A third simulation used a mixture of mid-thickness texture components (at s = 0.0) for the center element layer (1/3 of all mesh elements) and the subsurface texture components (at s = 0.8) for the two surface element layers (2/3 of all mesh elements). In all cases the mesh consisted of three finite elements across the sheet thickness. Additionally, a Hill 48 yield surface calculation was performed where the coefficients were fitted from experimentally obtained r-values for this sheet.",2,0.351539,0.351539,low,paper::sent::560,md_body,A phase field modeling approach of cyclic fatigue crack growth.
chart_0044,45,../02_images/figures/chart_0044.jpg,"Fig. 48. Simulations and experimental data of the earing profile (ear height/average height) after cup drawing of a ferritic stainless steel (X6Cr17, AISI 430) with texture gradients. Different cases were simulated: in one case the texture component CPFE used only the texture components observed in the mid-thickness layer of the material as starting texture for all elements (at s = 0). A second simulation used the subsurface texture components (at s = 0.8) as starting texture for all elements. A third simulation used a mixture of mid-thickness texture components (at s = 0.0) for the center element layer (1/3 of all mesh elements) and the subsurface texture components (at s = 0.8) for the two surface element layers (2/3 of all mesh elements). In all cases the mesh consisted of three finite elements across the sheet thickness. Additionally, a Hill 48 yield surface calculation was performed where the coefficients were fitted from experimentally obtained r-values for this sheet.",3,0.350393,0.350393,low,paper::sent::215,md_body,"Zhang, Prediction of failure envelopes and stress— strain curves of fiber composite laminates under triaxial loads, J."
chart_0044,45,../02_images/figures/chart_0044.jpg,"Fig. 48. Simulations and experimental data of the earing profile (ear height/average height) after cup drawing of a ferritic stainless steel (X6Cr17, AISI 430) with texture gradients. Different cases were simulated: in one case the texture component CPFE used only the texture components observed in the mid-thickness layer of the material as starting texture for all elements (at s = 0). A second simulation used the subsurface texture components (at s = 0.8) as starting texture for all elements. A third simulation used a mixture of mid-thickness texture components (at s = 0.0) for the center element layer (1/3 of all mesh elements) and the subsurface texture components (at s = 0.8) for the two surface element layers (2/3 of all mesh elements). In all cases the mesh consisted of three finite elements across the sheet thickness. Additionally, a Hill 48 yield surface calculation was performed where the coefficients were fitted from experimentally obtained r-values for this sheet.",4,0.349088,0.349088,low,paper::sent::256,md_body,"Extended finite element simulation on tensile, fracture toughness and fatigue crack growth behaviour of additively manufactured Ti6Al4V alloy."
chart_0044,45,../02_images/figures/chart_0044.jpg,"Fig. 48. Simulations and experimental data of the earing profile (ear height/average height) after cup drawing of a ferritic stainless steel (X6Cr17, AISI 430) with texture gradients. Different cases were simulated: in one case the texture component CPFE used only the texture components observed in the mid-thickness layer of the material as starting texture for all elements (at s = 0). A second simulation used the subsurface texture components (at s = 0.8) as starting texture for all elements. A third simulation used a mixture of mid-thickness texture components (at s = 0.0) for the center element layer (1/3 of all mesh elements) and the subsurface texture components (at s = 0.8) for the two surface element layers (2/3 of all mesh elements). In all cases the mesh consisted of three finite elements across the sheet thickness. Additionally, a Hill 48 yield surface calculation was performed where the coefficients were fitted from experimentally obtained r-values for this sheet.",5,0.347406,0.297406,low,paper::sent::1033,text_item,"In addition to developing better models for mechanistic details, approaches for alloy element effects will also be a strategic area of further research."
image_0045,46,../02_images/figures/image_0045.jpg,Fig. 49. Comparison of the earing profile between experiment and texture component CPFE simulation for a cube-textured aluminum sheet after cup drawing.,1,0.51028,0.31028,high,paper::sent::995,text_item,"The second example, Fig. 49, shows a similar comparison between experiment and simulation for a cube-textured aluminum sheet after cup drawing."
image_0045,46,../02_images/figures/image_0045.jpg,Fig. 49. Comparison of the earing profile between experiment and texture component CPFE simulation for a cube-textured aluminum sheet after cup drawing.,2,0.333913,0.333913,low,paper::sent::10,text_item,"Generally, the nickel-based superalloy parts are fabricated by casting, forging and powder metallurgy."
image_0045,46,../02_images/figures/image_0045.jpg,Fig. 49. Comparison of the earing profile between experiment and texture component CPFE simulation for a cube-textured aluminum sheet after cup drawing.,3,0.326434,0.276434,low,paper::sent::1004,text_item,In the present example the use of the CPFE method for virtual testing is demonstrated for a low-carbon steel grade.
image_0045,46,../02_images/figures/image_0045.jpg,Fig. 49. Comparison of the earing profile between experiment and texture component CPFE simulation for a cube-textured aluminum sheet after cup drawing.,4,0.326425,0.326425,low,paper::sent::266,md_body,ASTM F3056-14 Standard Specification for Additive Manufacturing Nickel Alloy (UNS N06625) With Powder Bed Fusion.
image_0045,46,../02_images/figures/image_0045.jpg,Fig. 49. Comparison of the earing profile between experiment and texture component CPFE simulation for a cube-textured aluminum sheet after cup drawing.,5,0.325885,0.325885,low,paper::sent::293,md_body,"Chaoli, High strength aluminum cast alloy: a Sc modification of a standard AlSiMg cast"
chart_0046,47,../02_images/figures/chart_0046.jpg,"Fig. 51. Direct fast Fourier predictions of an elastic problem based on the approach of Lebensohn [300,435]. The results show the distribution of elastic equivalent stress and strain in three randomly textured polycrystalline β-Ti alloy aggregates, each consisting of 200 grains and 32 × 32 × 32 Fourier points. Each polycrystalline aggregate is characterized by a specific elastic tensor which was calculated using ab initio methods. The (nearly) isotropic case yields practically no internal mechanical spread, while the most anisotropic case leads to pronounced local stressstrain concentrations. The samples were subjected to tensile loading. The results are similar to the corresponding FE predictions presented above in Fig. 46. The differences between the direct fast Fourier and the FE results are attributed to the fact that the direct fast Fourier predictions used periodic boundary conditions while the FE approach used a free surface.",1,0.504131,0.254131,high,paper::sent::1088,text_item,"A purely elastic example of using different stiffness tensors in the direct fast Fourier method of Lebensohn [300,435] is shown in Fig. 51."
chart_0046,47,../02_images/figures/chart_0046.jpg,"Fig. 51. Direct fast Fourier predictions of an elastic problem based on the approach of Lebensohn [300,435]. The results show the distribution of elastic equivalent stress and strain in three randomly textured polycrystalline β-Ti alloy aggregates, each consisting of 200 grains and 32 × 32 × 32 Fourier points. Each polycrystalline aggregate is characterized by a specific elastic tensor which was calculated using ab initio methods. The (nearly) isotropic case yields practically no internal mechanical spread, while the most anisotropic case leads to pronounced local stressstrain concentrations. The samples were subjected to tensile loading. The results are similar to the corresponding FE predictions presented above in Fig. 46. The differences between the direct fast Fourier and the FE results are attributed to the fact that the direct fast Fourier predictions used periodic boundary conditions while the FE approach used a free surface.",2,0.349142,0.299142,low,paper::sent::1062,text_item,The deformation rates in such cases are typically orders of magnitude above realistic scales so that the transfer of such information must be done with great care since the results cannot in all cases be used for low-rate deformation constitutive models that typically prevail in CPFE simulations.
chart_0046,47,../02_images/figures/chart_0046.jpg,"Fig. 51. Direct fast Fourier predictions of an elastic problem based on the approach of Lebensohn [300,435]. The results show the distribution of elastic equivalent stress and strain in three randomly textured polycrystalline β-Ti alloy aggregates, each consisting of 200 grains and 32 × 32 × 32 Fourier points. Each polycrystalline aggregate is characterized by a specific elastic tensor which was calculated using ab initio methods. The (nearly) isotropic case yields practically no internal mechanical spread, while the most anisotropic case leads to pronounced local stressstrain concentrations. The samples were subjected to tensile loading. The results are similar to the corresponding FE predictions presented above in Fig. 46. The differences between the direct fast Fourier and the FE results are attributed to the fact that the direct fast Fourier predictions used periodic boundary conditions while the FE approach used a free surface.",3,0.344273,0.294273,low,paper::sent::1070,text_item,A typical example is the replacement of biaxial polycrystal tests as required for fitting yield surface formulations by CPFE predictions [217].
chart_0046,47,../02_images/figures/chart_0046.jpg,"Fig. 51. Direct fast Fourier predictions of an elastic problem based on the approach of Lebensohn [300,435]. The results show the distribution of elastic equivalent stress and strain in three randomly textured polycrystalline β-Ti alloy aggregates, each consisting of 200 grains and 32 × 32 × 32 Fourier points. Each polycrystalline aggregate is characterized by a specific elastic tensor which was calculated using ab initio methods. The (nearly) isotropic case yields practically no internal mechanical spread, while the most anisotropic case leads to pronounced local stressstrain concentrations. The samples were subjected to tensile loading. The results are similar to the corresponding FE predictions presented above in Fig. 46. The differences between the direct fast Fourier and the FE results are attributed to the fact that the direct fast Fourier predictions used periodic boundary conditions while the FE approach used a free surface.",4,0.342598,0.292598,low,paper::sent::1086,text_item,Discrete Fourier formulations imply periodicity of the modeled aggregate.
chart_0046,47,../02_images/figures/chart_0046.jpg,"Fig. 51. Direct fast Fourier predictions of an elastic problem based on the approach of Lebensohn [300,435]. The results show the distribution of elastic equivalent stress and strain in three randomly textured polycrystalline β-Ti alloy aggregates, each consisting of 200 grains and 32 × 32 × 32 Fourier points. Each polycrystalline aggregate is characterized by a specific elastic tensor which was calculated using ab initio methods. The (nearly) isotropic case yields practically no internal mechanical spread, while the most anisotropic case leads to pronounced local stressstrain concentrations. The samples were subjected to tensile loading. The results are similar to the corresponding FE predictions presented above in Fig. 46. The differences between the direct fast Fourier and the FE results are attributed to the fact that the direct fast Fourier predictions used periodic boundary conditions while the FE approach used a free surface.",5,0.336073,0.286073,low,paper::sent::1051,text_item,"In addition to the comparison of corresponding simulations with experiments it would also make sense to derive adequate damage criteria, such as modified Griffith models, which can help to establish a quantitative link between mechanical quantities that the CPFE method provides and damage nucleation."
